{
  "type": "FeatureCollection",
  "features": [
    {
      "type": "Feature",
      "properties": {
        "feature_id": "BUI-001",
        "feature_type": "building_candidate",
        "confidence": 0.649,
        "confidence_band": "medium",
        "evidence": [
          "height_above_ground",
          "low_vegetation_signal"
        ],
        "area_m2": 306.39,
        "risk_type": "possible_access_corridor_conflict",
        "risk_severity": "high",
        "risk_score": 0.82,
        "risk_explanation": "An elevated structure candidate is immediately beside a detected access corridor. Verify the approved road and parcel boundary before treating this as encroachment.",
        "recommended_action": "field_verification",
        "review_status": "field_required",
        "source": "baseline_geospatial_extraction",
        "risk_disclaimer": "Screening indicator from drone evidence; not a legal determination."
      },
      "geometry": {
        "type": "Polygon",
        "coordinates": [
          [
            [
              -70.9149177,
              41.6542294
            ],
            [
              -70.9149171,
              41.654207
            ],
            [
              -70.914929,
              41.6542068
            ],
            [
              -70.9149281,
              41.6541754
            ],
            [
              -70.91494,
              41.6541752
            ],
            [
              -70.9149396,
              41.6541618
            ],
            [
              -70.9149337,
              41.6541619
            ],
            [
              -70.9149335,
              41.6541574
            ],
            [
              -70.9149216,
              41.6541576
            ],
            [
              -70.9149214,
              41.6541531
            ],
            [
              -70.9149155,
              41.6541532
            ],
            [
              -70.9149153,
              41.6541487
            ],
            [
              -70.9148555,
              41.6541497
            ],
            [
              -70.9148554,
              41.6541452
            ],
            [
              -70.9148494,
              41.6541453
            ],
            [
              -70.9148493,
              41.6541408
            ],
            [
              -70.9148373,
              41.654141
            ],
            [
              -70.9148372,
              41.6541366
            ],
            [
              -70.9147774,
              41.6541376
            ],
            [
              -70.9147773,
              41.6541331
            ],
            [
              -70.9147713,
              41.6541332
            ],
            [
              -70.9147712,
              41.6541287
            ],
            [
              -70.9147652,
              41.6541288
            ],
            [
              -70.9147651,
              41.6541243
            ],
            [
              -70.9147591,
              41.6541244
            ],
            [
              -70.9147589,
              41.6541199
            ],
            [
              -70.914753,
              41.65412
            ],
            [
              -70.9147528,
              41.6541155
            ],
            [
              -70.914711,
              41.6541162
            ],
            [
              -70.9147107,
              41.6541073
            ],
            [
              -70.9146868,
              41.6541077
            ],
            [
              -70.9146872,
              41.6541211
            ],
            [
              -70.9146453,
              41.6541218
            ],
            [
              -70.9146452,
              41.6541173
            ],
            [
              -70.9146392,
              41.6541174
            ],
            [
              -70.9146391,
              41.6541129
            ],
            [
              -70.9145972,
              41.6541136
            ],
            [
              -70.9145971,
              41.6541092
            ],
            [
              -70.9145911,
              41.6541093
            ],
            [
              -70.9145909,
              41.6541003
            ],
            [
              -70.9145849,
              41.6541004
            ],
            [
              -70.9145847,
              41.6540959
            ],
            [
              -70.9145668,
              41.6540962
            ],
            [
              -70.9145669,
              41.6541007
            ],
            [
              -70.914561,
              41.6541008
            ],
            [
              -70.9145612,
              41.6541098
            ],
            [
              -70.9145553,
              41.6541099
            ],
            [
              -70.9145563,
              41.6541457
            ],
            [
              -70.9145264,
              41.6541462
            ],
            [
              -70.9145266,
              41.6541507
            ],
            [
              -70.9145206,
              41.6541508
            ],
            [
              -70.9145208,
              41.6541598
            ],
            [
              -70.9145149,
              41.6541599
            ],
            [
              -70.9145151,
              41.6541688
            ],
            [
              -70.9145032,
              41.654169
            ],
            [
              -70.9145037,
              41.654187
            ],
            [
              -70.9145216,
              41.6541867
            ],
            [
              -70.914522,
              41.6542001
            ],
            [
              -70.914546,
              41.6541997
            ],
            [
              -70.9145463,
              41.6542132
            ],
            [
              -70.9145523,
              41.6542131
            ],
            [
              -70.9145525,
              41.6542176
            ],
            [
              -70.9145824,
              41.6542171
            ],
            [
              -70.9145822,
              41.6542126
            ],
            [
              -70.9145942,
              41.6542124
            ],
            [
              -70.9145939,
              41.6542034
            ],
            [
              -70.9145999,
              41.6542033
            ],
            [
              -70.9145998,
              41.6541988
            ],
            [
              -70.9146117,
              41.6541986
            ],
            [
              -70.9146113,
              41.6541852
            ],
            [
              -70.9146532,
              41.6541845
            ],
            [
              -70.9146536,
              41.6541979
            ],
            [
              -70.9147134,
              41.6541969
            ],
            [
              -70.9147135,
              41.6542014
            ],
            [
              -70.9147255,
              41.6542012
            ],
            [
              -70.9147257,
              41.6542102
            ],
            [
              -70.9147317,
              41.6542101
            ],
            [
              -70.9147318,
              41.6542146
            ],
            [
              -70.9148096,
              41.6542133
            ],
            [
              -70.9148098,
              41.6542222
            ],
            [
              -70.9148397,
              41.6542217
            ],
            [
              -70.9148395,
              41.6542128
            ],
            [
              -70.9148933,
              41.6542119
            ],
            [
              -70.9148938,
              41.6542298
            ],
            [
              -70.9149177,
              41.6542294
            ]
          ]
        ]
      }
    },
    {
      "type": "Feature",
      "properties": {
        "feature_id": "BUI-002",
        "feature_type": "building_candidate",
        "confidence": 0.551,
        "confidence_band": "low",
        "evidence": [
          "height_above_ground",
          "low_vegetation_signal"
        ],
        "area_m2": 21.34,
        "risk_type": "possible_access_corridor_conflict",
        "risk_severity": "high",
        "risk_score": 0.82,
        "risk_explanation": "An elevated structure candidate is immediately beside a detected access corridor. Verify the approved road and parcel boundary before treating this as encroachment.",
        "recommended_action": "field_verification",
        "review_status": "field_required",
        "source": "baseline_geospatial_extraction",
        "risk_disclaimer": "Screening indicator from drone evidence; not a legal determination."
      },
      "geometry": {
        "type": "Polygon",
        "coordinates": [
          [
            [
              -70.9136927,
              41.6540704
            ],
            [
              -70.9136921,
              41.6540525
            ],
            [
              -70.9136981,
              41.6540524
            ],
            [
              -70.913698,
              41.6540479
            ],
            [
              -70.913704,
              41.6540478
            ],
            [
              -70.9137038,
              41.6540433
            ],
            [
              -70.9137098,
              41.6540432
            ],
            [
              -70.9137097,
              41.6540387
            ],
            [
              -70.9137157,
              41.6540386
            ],
            [
              -70.9137155,
              41.6540341
            ],
            [
              -70.9137215,
              41.654034
            ],
            [
              -70.9137211,
              41.6540206
            ],
            [
              -70.9137091,
              41.6540208
            ],
            [
              -70.9137087,
              41.6540073
            ],
            [
              -70.9136908,
              41.6540076
            ],
            [
              -70.9136911,
              41.6540166
            ],
            [
              -70.9136791,
              41.6540168
            ],
            [
              -70.9136798,
              41.6540392
            ],
            [
              -70.9136559,
              41.6540396
            ],
            [
              -70.9136568,
              41.654071
            ],
            [
              -70.9136927,
              41.6540704
            ]
          ]
        ]
      }
    },
    {
      "type": "Feature",
      "properties": {
        "feature_id": "BUI-003",
        "feature_type": "building_candidate",
        "confidence": 0.62,
        "confidence_band": "medium",
        "evidence": [
          "height_above_ground",
          "low_vegetation_signal"
        ],
        "area_m2": 113.38,
        "risk_type": "possible_access_corridor_conflict",
        "risk_severity": "high",
        "risk_score": 0.82,
        "risk_explanation": "An elevated structure candidate is immediately beside a detected access corridor. Verify the approved road and parcel boundary before treating this as encroachment.",
        "recommended_action": "field_verification",
        "review_status": "field_required",
        "source": "baseline_geospatial_extraction",
        "risk_disclaimer": "Screening indicator from drone evidence; not a legal determination."
      },
      "geometry": {
        "type": "Polygon",
        "coordinates": [
          [
            [
              -70.9148832,
              41.654073
            ],
            [
              -70.914883,
              41.6540685
            ],
            [
              -70.914889,
              41.6540684
            ],
            [
              -70.9148877,
              41.6540236
            ],
            [
              -70.9149056,
              41.6540233
            ],
            [
              -70.9149055,
              41.6540188
            ],
            [
              -70.9149175,
              41.6540186
            ],
            [
              -70.9149173,
              41.6540141
            ],
            [
              -70.9149233,
              41.654014
            ],
            [
              -70.9149225,
              41.6539871
            ],
            [
              -70.9149943,
              41.6539859
            ],
            [
              -70.9149937,
              41.653968
            ],
            [
              -70.9149877,
              41.6539681
            ],
            [
              -70.9149876,
              41.6539636
            ],
            [
              -70.9149637,
              41.653964
            ],
            [
              -70.9149636,
              41.6539595
            ],
            [
              -70.9149576,
              41.6539596
            ],
            [
              -70.9149574,
              41.6539551
            ],
            [
              -70.9149395,
              41.6539554
            ],
            [
              -70.9149396,
              41.6539599
            ],
            [
              -70.9149038,
              41.6539605
            ],
            [
              -70.914905,
              41.6540009
            ],
            [
              -70.9148153,
              41.6540023
            ],
            [
              -70.9148151,
              41.6539979
            ],
            [
              -70.9148032,
              41.6539981
            ],
            [
              -70.9148031,
              41.6539936
            ],
            [
              -70.9147851,
              41.6539939
            ],
            [
              -70.9147863,
              41.6540342
            ],
            [
              -70.9147744,
              41.6540344
            ],
            [
              -70.9147745,
              41.6540389
            ],
            [
              -70.9147027,
              41.6540401
            ],
            [
              -70.9147033,
              41.654058
            ],
            [
              -70.9147092,
              41.6540579
            ],
            [
              -70.9147094,
              41.6540624
            ],
            [
              -70.9147393,
              41.6540619
            ],
            [
              -70.9147394,
              41.6540664
            ],
            [
              -70.914853,
              41.6540645
            ],
            [
              -70.9148531,
              41.654069
            ],
            [
              -70.9148591,
              41.6540689
            ],
            [
              -70.9148593,
              41.6540734
            ],
            [
              -70.9148832,
              41.654073
            ]
          ]
        ]
      }
    },
    {
      "type": "Feature",
      "properties": {
        "feature_id": "BUI-004",
        "feature_type": "building_candidate",
        "confidence": 0.761,
        "confidence_band": "medium",
        "evidence": [
          "height_above_ground",
          "low_vegetation_signal"
        ],
        "area_m2": 110.9,
        "risk_type": "possible_access_corridor_conflict",
        "risk_severity": "high",
        "risk_score": 0.82,
        "risk_explanation": "An elevated structure candidate is immediately beside a detected access corridor. Verify the approved road and parcel boundary before treating this as encroachment.",
        "recommended_action": "field_verification",
        "review_status": "field_required",
        "source": "baseline_geospatial_extraction",
        "risk_disclaimer": "Screening indicator from drone evidence; not a legal determination."
      },
      "geometry": {
        "type": "Polygon",
        "coordinates": [
          [
            [
              -70.9148741,
              41.65397
            ],
            [
              -70.9148737,
              41.6539565
            ],
            [
              -70.9148678,
              41.6539566
            ],
            [
              -70.9148675,
              41.6539476
            ],
            [
              -70.9148615,
              41.6539477
            ],
            [
              -70.9148614,
              41.6539433
            ],
            [
              -70.9148494,
              41.6539435
            ],
            [
              -70.9148493,
              41.653939
            ],
            [
              -70.9148373,
              41.6539392
            ],
            [
              -70.9148372,
              41.6539347
            ],
            [
              -70.9148312,
              41.6539348
            ],
            [
              -70.914831,
              41.6539258
            ],
            [
              -70.914825,
              41.6539259
            ],
            [
              -70.9148248,
              41.6539214
            ],
            [
              -70.9148069,
              41.6539217
            ],
            [
              -70.9148068,
              41.6539173
            ],
            [
              -70.9147948,
              41.6539175
            ],
            [
              -70.9147947,
              41.653913
            ],
            [
              -70.9147827,
              41.6539132
            ],
            [
              -70.9147826,
              41.6539087
            ],
            [
              -70.9147587,
              41.6539091
            ],
            [
              -70.9147585,
              41.6539046
            ],
            [
              -70.9147167,
              41.6539053
            ],
            [
              -70.9147163,
              41.6538919
            ],
            [
              -70.9147043,
              41.6538921
            ],
            [
              -70.9147042,
              41.6538876
            ],
            [
              -70.9146922,
              41.6538878
            ],
            [
              -70.9146921,
              41.6538833
            ],
            [
              -70.9146503,
              41.653884
            ],
            [
              -70.9146508,
              41.6539019
            ],
            [
              -70.9146089,
              41.6539026
            ],
            [
              -70.9146095,
              41.6539205
            ],
            [
              -70.9146154,
              41.6539204
            ],
            [
              -70.9146156,
              41.6539249
            ],
            [
              -70.9146216,
              41.6539248
            ],
            [
              -70.9146217,
              41.6539293
            ],
            [
              -70.9146336,
              41.6539291
            ],
            [
              -70.9146338,
              41.6539336
            ],
            [
              -70.9146398,
              41.6539335
            ],
            [
              -70.9146399,
              41.653938
            ],
            [
              -70.9146459,
              41.6539379
            ],
            [
              -70.9146468,
              41.6539693
            ],
            [
              -70.9146946,
              41.6539685
            ],
            [
              -70.914694,
              41.6539461
            ],
            [
              -70.9147657,
              41.6539449
            ],
            [
              -70.9147659,
              41.6539493
            ],
            [
              -70.9147898,
              41.6539489
            ],
            [
              -70.91479,
              41.6539579
            ],
            [
              -70.914808,
              41.6539576
            ],
            [
              -70.9148082,
              41.6539666
            ],
            [
              -70.9148441,
              41.653966
            ],
            [
              -70.9148442,
              41.6539705
            ],
            [
              -70.9148741,
              41.65397
            ]
          ]
        ]
      }
    },
    {
      "type": "Feature",
      "properties": {
        "feature_id": "BUI-005",
        "feature_type": "building_candidate",
        "confidence": 0.674,
        "confidence_band": "medium",
        "evidence": [
          "height_above_ground",
          "low_vegetation_signal"
        ],
        "area_m2": 1696.2,
        "risk_type": "possible_access_corridor_conflict",
        "risk_severity": "high",
        "risk_score": 0.82,
        "risk_explanation": "An elevated structure candidate is immediately beside a detected access corridor. Verify the approved road and parcel boundary before treating this as encroachment.",
        "recommended_action": "field_verification",
        "review_status": "field_required",
        "source": "baseline_geospatial_extraction",
        "risk_disclaimer": "Screening indicator from drone evidence; not a legal determination."
      },
      "geometry": {
        "type": "Polygon",
        "coordinates": [
          [
            [
              -70.9143836,
              41.654171
            ],
            [
              -70.9143819,
              41.6541127
            ],
            [
              -70.9144297,
              41.6541119
            ],
            [
              -70.9144296,
              41.6541075
            ],
            [
              -70.9145073,
              41.6541062
            ],
            [
              -70.9145072,
              41.6541017
            ],
            [
              -70.9145191,
              41.6541015
            ],
            [
              -70.9145187,
              41.654088
            ],
            [
              -70.9145127,
              41.6540881
            ],
            [
              -70.9145117,
              41.6540523
            ],
            [
              -70.9145177,
              41.6540522
            ],
            [
              -70.9145175,
              41.6540477
            ],
            [
              -70.9145235,
              41.6540476
            ],
            [
              -70.9145234,
              41.6540431
            ],
            [
              -70.9145293,
              41.654043
            ],
            [
              -70.9145292,
              41.6540385
            ],
            [
              -70.914577,
              41.6540377
            ],
            [
              -70.9145773,
              41.6540467
            ],
            [
              -70.9146012,
              41.6540463
            ],
            [
              -70.9146015,
              41.6540553
            ],
            [
              -70.9146075,
              41.6540552
            ],
            [
              -70.9146076,
              41.6540596
            ],
            [
              -70.9146136,
              41.6540595
            ],
            [
              -70.9146137,
              41.654064
            ],
            [
              -70.9146197,
              41.6540639
            ],
            [
              -70.9146198,
              41.6540684
            ],
            [
              -70.9146497,
              41.6540679
            ],
            [
              -70.9146487,
              41.654032
            ],
            [
              -70.9146845,
              41.6540314
            ],
            [
              -70.9146841,
              41.654018
            ],
            [
              -70.9146363,
              41.6540188
            ],
            [
              -70.9146359,
              41.6540053
            ],
            [
              -70.9146299,
              41.6540054
            ],
            [
              -70.9146298,
              41.654001
            ],
            [
              -70.9146238,
              41.6540011
            ],
            [
              -70.9146229,
              41.6539697
            ],
            [
              -70.9145631,
              41.6539707
            ],
            [
              -70.914564,
              41.654002
            ],
            [
              -70.9145102,
              41.6540029
            ],
            [
              -70.9145101,
              41.6539985
            ],
            [
              -70.9144981,
              41.6539987
            ],
            [
              -70.914498,
              41.6539942
            ],
            [
              -70.914492,
              41.6539943
            ],
            [
              -70.9144917,
              41.6539853
            ],
            [
              -70.9144798,
              41.6539855
            ],
            [
              -70.914479,
              41.6539586
            ],
            [
              -70.914467,
              41.6539588
            ],
            [
              -70.9144669,
              41.6539543
            ],
            [
              -70.9144609,
              41.6539544
            ],
            [
              -70.9144605,
              41.653941
            ],
            [
              -70.9144246,
              41.6539416
            ],
            [
              -70.9144236,
              41.6539057
            ],
            [
              -70.9144296,
              41.6539056
            ],
            [
              -70.9144294,
              41.6539011
            ],
            [
              -70.9144354,
              41.653901
            ],
            [
              -70.9144347,
              41.6538786
            ],
            [
              -70.9144826,
              41.6538778
            ],
            [
              -70.9144818,
              41.6538509
            ],
            [
              -70.914428,
              41.6538518
            ],
            [
              -70.9144278,
              41.6538473
            ],
            [
              -70.9144159,
              41.6538475
            ],
            [
              -70.9144155,
              41.6538341
            ],
            [
              -70.9144035,
              41.6538343
            ],
            [
              -70.9144034,
              41.6538298
            ],
            [
              -70.9143735,
              41.6538303
            ],
            [
              -70.9143734,
              41.6538258
            ],
            [
              -70.9142478,
              41.6538279
            ],
            [
              -70.9142477,
              41.6538234
            ],
            [
              -70.9142237,
              41.6538238
            ],
            [
              -70.9142236,
              41.6538193
            ],
            [
              -70.9142176,
              41.6538194
            ],
            [
              -70.9142175,
              41.6538149
            ],
            [
              -70.9142055,
              41.6538151
            ],
            [
              -70.9142054,
              41.6538107
            ],
            [
              -70.9141815,
              41.6538111
            ],
            [
              -70.9141814,
              41.6538066
            ],
            [
              -70.9141036,
              41.6538079
            ],
            [
              -70.9141035,
              41.6538034
            ],
            [
              -70.9140975,
              41.6538035
            ],
            [
              -70.9140974,
              41.653799
            ],
            [
              -70.9140197,
              41.6538003
            ],
            [
              -70.9140194,
              41.6537913
            ],
            [
              -70.9139955,
              41.6537917
            ],
            [
              -70.9139953,
              41.6537872
            ],
            [
              -70.9139894,
              41.6537873
            ],
            [
              -70.9139892,
              41.6537829
            ],
            [
              -70.9139653,
              41.6537833
            ],
            [
              -70.9139652,
              41.6537788
            ],
            [
              -70.9139592,
              41.6537789
            ],
            [
              -70.9139591,
              41.6537744
            ],
            [
              -70.9138335,
              41.6537765
            ],
            [
              -70.9138334,
              41.653772
            ],
            [
              -70.9138214,
              41.6537722
            ],
            [
              -70.9138213,
              41.6537677
            ],
            [
              -70.9137495,
              41.6537689
            ],
            [
              -70.9137494,
              41.6537644
            ],
            [
              -70.9137434,
              41.6537645
            ],
            [
              -70.9137433,
              41.65376
            ],
            [
              -70.9137194,
              41.6537604
            ],
            [
              -70.9137195,
              41.6537649
            ],
            [
              -70.9137135,
              41.653765
            ],
            [
              -70.9137145,
              41.6537964
            ],
            [
              -70.9137085,
              41.6537965
            ],
            [
              -70.9137086,
              41.653801
            ],
            [
              -70.9137026,
              41.6538011
            ],
            [
              -70.913703,
              41.6538145
            ],
            [
              -70.913709,
              41.6538144
            ],
            [
              -70.9137098,
              41.6538413
            ],
            [
              -70.9137158,
              41.6538412
            ],
            [
              -70.9137163,
              41.6538592
            ],
            [
              -70.9137343,
              41.6538589
            ],
            [
              -70.9137353,
              41.6538947
            ],
            [
              -70.9137473,
              41.6538945
            ],
            [
              -70.9137481,
              41.6539214
            ],
            [
              -70.913766,
              41.6539211
            ],
            [
              -70.9137659,
              41.6539167
            ],
            [
              -70.9137778,
              41.6539165
            ],
            [
              -70.9137777,
              41.653912
            ],
            [
              -70.9137837,
              41.6539119
            ],
            [
              -70.9137836,
              41.6539074
            ],
            [
              -70.9137895,
              41.6539073
            ],
            [
              -70.9137894,
              41.6539028
            ],
            [
              -70.9137954,
              41.6539027
            ],
            [
              -70.9137951,
              41.6538937
            ],
            [
              -70.913837,
              41.653893
            ],
            [
              -70.9138378,
              41.6539199
            ],
            [
              -70.9138856,
              41.6539192
            ],
            [
              -70.9138861,
              41.6539371
            ],
            [
              -70.9138921,
              41.653937
            ],
            [
              -70.913893,
              41.6539684
            ],
            [
              -70.913911,
              41.6539681
            ],
            [
              -70.9139108,
              41.6539636
            ],
            [
              -70.9139228,
              41.6539634
            ],
            [
              -70.9139227,
              41.6539589
            ],
            [
              -70.9139286,
              41.6539588
            ],
            [
              -70.9139282,
              41.6539454
            ],
            [
              -70.9139821,
              41.6539445
            ],
            [
              -70.9139842,
              41.6540162
            ],
            [
              -70.9139304,
              41.6540171
            ],
            [
              -70.9139302,
              41.6540126
            ],
            [
              -70.9139183,
              41.6540128
            ],
            [
              -70.9139181,
              41.6540083
            ],
            [
              -70.9138404,
              41.6540096
            ],
            [
              -70.9138406,
              41.6540141
            ],
            [
              -70.9137867,
              41.654015
            ],
            [
              -70.9137869,
              41.6540195
            ],
            [
              -70.9137749,
              41.6540197
            ],
            [
              -70.913775,
              41.6540242
            ],
            [
              -70.9137691,
              41.6540243
            ],
            [
              -70.9137693,
              41.6540332
            ],
            [
              -70.9137634,
              41.6540333
            ],
            [
              -70.9137639,
              41.6540513
            ],
            [
              -70.9137699,
              41.6540512
            ],
            [
              -70.9137704,
              41.6540691
            ],
            [
              -70.9137883,
              41.6540688
            ],
            [
              -70.9137878,
              41.6540509
            ],
            [
              -70.9138356,
              41.6540501
            ],
            [
              -70.9138359,
              41.654059
            ],
            [
              -70.9138479,
              41.6540588
            ],
            [
              -70.9138481,
              41.6540678
            ],
            [
              -70.9138541,
              41.6540677
            ],
            [
              -70.9138542,
              41.6540722
            ],
            [
              -70.9138782,
              41.6540718
            ],
            [
              -70.9138784,
              41.6540808
            ],
            [
              -70.9138844,
              41.6540807
            ],
            [
              -70.9138845,
              41.6540851
            ],
            [
              -70.9138965,
              41.6540849
            ],
            [
              -70.9138968,
              41.6540939
            ],
            [
              -70.9139147,
              41.6540936
            ],
            [
              -70.913915,
              41.6541026
            ],
            [
              -70.9139269,
              41.6541024
            ],
            [
              -70.913927,
              41.6541069
            ],
            [
              -70.9139749,
              41.6541061
            ],
            [
              -70.913975,
              41.6541105
            ],
            [
              -70.913981,
              41.6541104
            ],
            [
              -70.9139813,
              41.6541194
            ],
            [
              -70.9140112,
              41.6541189
            ],
            [
              -70.9140113,
              41.6541234
            ],
            [
              -70.9140531,
              41.6541227
            ],
            [
              -70.9140533,
              41.6541272
            ],
            [
              -70.9140593,
              41.6541271
            ],
            [
              -70.9140595,
              41.6541361
            ],
            [
              -70.9141133,
              41.6541352
            ],
            [
              -70.9141132,
              41.6541307
            ],
            [
              -70.9141491,
              41.6541301
            ],
            [
              -70.9141489,
              41.6541256
            ],
            [
              -70.9141549,
              41.6541255
            ],
            [
              -70.9141548,
              41.654121
            ],
            [
              -70.9141608,
              41.6541209
            ],
            [
              -70.9141606,
              41.6541164
            ],
            [
              -70.9141666,
              41.6541163
            ],
            [
              -70.9141649,
              41.654058
            ],
            [
              -70.9141529,
              41.6540582
            ],
            [
              -70.9141528,
              41.6540538
            ],
            [
              -70.914093,
              41.6540548
            ],
            [
              -70.9140929,
              41.6540503
            ],
            [
              -70.9140869,
              41.6540504
            ],
            [
              -70.9140868,
              41.6540459
            ],
            [
              -70.9140808,
              41.654046
            ],
            [
              -70.9140806,
              41.6540415
            ],
            [
              -70.9140627,
              41.6540418
            ],
            [
              -70.9140624,
              41.6540328
            ],
            [
              -70.9140445,
              41.6540331
            ],
            [
              -70.9140421,
              41.6539524
            ],
            [
              -70.9140481,
              41.6539523
            ],
            [
              -70.914048,
              41.6539478
            ],
            [
              -70.9140958,
              41.6539471
            ],
            [
              -70.9140961,
              41.653956
            ],
            [
              -70.914102,
              41.6539559
            ],
            [
              -70.9141023,
              41.6539649
            ],
            [
              -70.9141083,
              41.6539648
            ],
            [
              -70.9141084,
              41.6539693
            ],
            [
              -70.9141443,
              41.6539687
            ],
            [
              -70.9141447,
              41.6539821
            ],
            [
              -70.9141507,
              41.653982
            ],
            [
              -70.9141508,
              41.6539865
            ],
            [
              -70.9141568,
              41.6539864
            ],
            [
              -70.9141569,
              41.6539909
            ],
            [
              -70.9142047,
              41.6539901
            ],
            [
              -70.9142053,
              41.654008
            ],
            [
              -70.9142113,
              41.6540079
            ],
            [
              -70.9142114,
              41.6540124
            ],
            [
              -70.9142233,
              41.6540122
            ],
            [
              -70.9142235,
              41.6540167
            ],
            [
              -70.9142295,
              41.6540166
            ],
            [
              -70.9142296,
              41.6540211
            ],
            [
              -70.9142356,
              41.654021
            ],
            [
              -70.9142366,
              41.6540568
            ],
            [
              -70.9142307,
              41.6540569
            ],
            [
              -70.9142318,
              41.6540973
            ],
            [
              -70.9142259,
              41.6540974
            ],
            [
              -70.9142263,
              41.6541108
            ],
            [
              -70.9142322,
              41.6541107
            ],
            [
              -70.9142333,
              41.6541466
            ],
            [
              -70.9142393,
              41.6541465
            ],
            [
              -70.9142394,
              41.654151
            ],
            [
              -70.9142454,
              41.6541509
            ],
            [
              -70.9142455,
              41.6541554
            ],
            [
              -70.9142635,
              41.6541551
            ],
            [
              -70.9142633,
              41.6541506
            ],
            [
              -70.9142693,
              41.6541505
            ],
            [
              -70.9142688,
              41.6541326
            ],
            [
              -70.9143106,
              41.6541319
            ],
            [
              -70.9143116,
              41.6541633
            ],
            [
              -70.9143235,
              41.6541631
            ],
            [
              -70.9143237,
              41.6541675
            ],
            [
              -70.9143356,
              41.6541673
            ],
            [
              -70.9143358,
              41.6541718
            ],
            [
              -70.9143836,
              41.654171
            ]
          ],
          [
            [
              -70.9143202,
              41.654051
            ],
            [
              -70.9142724,
              41.6540518
            ],
            [
              -70.9142714,
              41.6540204
            ],
            [
              -70.9142774,
              41.6540203
            ],
            [
              -70.9142773,
              41.6540158
            ],
            [
              -70.9143191,
              41.6540151
            ],
            [
              -70.9143202,
              41.654051
            ]
          ],
          [
            [
              -70.9143603,
              41.653992
            ],
            [
              -70.9142826,
              41.6539933
            ],
            [
              -70.9142825,
              41.6539888
            ],
            [
              -70.9142586,
              41.6539892
            ],
            [
              -70.9142584,
              41.6539847
            ],
            [
              -70.9142524,
              41.6539848
            ],
            [
              -70.9142522,
              41.6539758
            ],
            [
              -70.9142043,
              41.6539766
            ],
            [
              -70.9142034,
              41.6539453
            ],
            [
              -70.9142094,
              41.6539452
            ],
            [
              -70.9142093,
              41.6539407
            ],
            [
              -70.9142152,
              41.6539406
            ],
            [
              -70.9142151,
              41.6539361
            ],
            [
              -70.9142869,
              41.6539349
            ],
            [
              -70.9142874,
              41.6539528
            ],
            [
              -70.9142934,
              41.6539527
            ],
            [
              -70.9142935,
              41.6539572
            ],
            [
              -70.9143114,
              41.6539569
            ],
            [
              -70.9143109,
              41.653939
            ],
            [
              -70.9143408,
              41.6539385
            ],
            [
              -70.9143399,
              41.6539071
            ],
            [
              -70.9143937,
              41.6539062
            ],
            [
              -70.9143949,
              41.6539466
            ],
            [
              -70.9143889,
              41.6539467
            ],
            [
              -70.9143894,
              41.6539646
            ],
            [
              -70.9143775,
              41.6539648
            ],
            [
              -70.9143781,
              41.6539872
            ],
            [
              -70.9143602,
              41.6539875
            ],
            [
              -70.9143603,
              41.653992
            ]
          ],
          [
            [
              -70.914137,
              41.6539239
            ],
            [
              -70.9140951,
              41.6539246
            ],
            [
              -70.9140945,
              41.6539022
            ],
            [
              -70.9140646,
              41.6539027
            ],
            [
              -70.9140635,
              41.6538668
            ],
            [
              -70.9141353,
              41.6538656
            ],
            [
              -70.914137,
              41.6539239
            ]
          ],
          [
            [
              -70.9140462,
              41.6538896
            ],
            [
              -70.9140044,
              41.6538903
            ],
            [
              -70.9140035,
              41.6538589
            ],
            [
              -70.9140453,
              41.6538582
            ],
            [
              -70.9140462,
              41.6538896
            ]
          ]
        ]
      }
    },
    {
      "type": "Feature",
      "properties": {
        "feature_id": "BUI-006",
        "feature_type": "building_candidate",
        "confidence": 0.716,
        "confidence_band": "medium",
        "evidence": [
          "height_above_ground",
          "low_vegetation_signal"
        ],
        "area_m2": 10.17,
        "risk_type": "possible_access_corridor_conflict",
        "risk_severity": "high",
        "risk_score": 0.82,
        "risk_explanation": "An elevated structure candidate is immediately beside a detected access corridor. Verify the approved road and parcel boundary before treating this as encroachment.",
        "recommended_action": "field_verification",
        "review_status": "field_required",
        "source": "baseline_geospatial_extraction",
        "risk_disclaimer": "Screening indicator from drone evidence; not a legal determination."
      },
      "geometry": {
        "type": "Polygon",
        "coordinates": [
          [
            [
              -70.9156989,
              41.6537409
            ],
            [
              -70.9156981,
              41.653714
            ],
            [
              -70.9156562,
              41.6537147
            ],
            [
              -70.9156569,
              41.6537371
            ],
            [
              -70.9156628,
              41.653737
            ],
            [
              -70.915663,
              41.6537415
            ],
            [
              -70.9156989,
              41.6537409
            ]
          ]
        ]
      }
    },
    {
      "type": "Feature",
      "properties": {
        "feature_id": "BUI-007",
        "feature_type": "building_candidate",
        "confidence": 0.77,
        "confidence_band": "medium",
        "evidence": [
          "height_above_ground",
          "low_vegetation_signal"
        ],
        "area_m2": 56.07,
        "risk_type": "possible_access_corridor_conflict",
        "risk_severity": "high",
        "risk_score": 0.82,
        "risk_explanation": "An elevated structure candidate is immediately beside a detected access corridor. Verify the approved road and parcel boundary before treating this as encroachment.",
        "recommended_action": "field_verification",
        "review_status": "field_required",
        "source": "baseline_geospatial_extraction",
        "risk_disclaimer": "Screening indicator from drone evidence; not a legal determination."
      },
      "geometry": {
        "type": "Polygon",
        "coordinates": [
          [
            [
              -70.9147845,
              41.6537696
            ],
            [
              -70.9147843,
              41.6537651
            ],
            [
              -70.9148023,
              41.6537648
            ],
            [
              -70.9148021,
              41.6537603
            ],
            [
              -70.9148081,
              41.6537602
            ],
            [
              -70.914808,
              41.6537558
            ],
            [
              -70.914814,
              41.6537557
            ],
            [
              -70.9148134,
              41.6537377
            ],
            [
              -70.9148015,
              41.6537379
            ],
            [
              -70.9148013,
              41.6537334
            ],
            [
              -70.9147954,
              41.6537335
            ],
            [
              -70.9147952,
              41.6537291
            ],
            [
              -70.9147593,
              41.6537297
            ],
            [
              -70.9147584,
              41.6536983
            ],
            [
              -70.9147225,
              41.6536989
            ],
            [
              -70.9147227,
              41.6537033
            ],
            [
              -70.9147167,
              41.6537034
            ],
            [
              -70.9147176,
              41.6537348
            ],
            [
              -70.9146817,
              41.6537354
            ],
            [
              -70.9146819,
              41.6537399
            ],
            [
              -70.9146699,
              41.6537401
            ],
            [
              -70.9146701,
              41.6537446
            ],
            [
              -70.9146641,
              41.6537447
            ],
            [
              -70.9146645,
              41.6537581
            ],
            [
              -70.9146764,
              41.6537579
            ],
            [
              -70.9146766,
              41.6537624
            ],
            [
              -70.9146825,
              41.6537623
            ],
            [
              -70.9146827,
              41.6537668
            ],
            [
              -70.9147604,
              41.6537655
            ],
            [
              -70.9147605,
              41.65377
            ],
            [
              -70.9147845,
              41.6537696
            ]
          ]
        ]
      }
    },
    {
      "type": "Feature",
      "properties": {
        "feature_id": "BUI-008",
        "feature_type": "building_candidate",
        "confidence": 0.783,
        "confidence_band": "medium",
        "evidence": [
          "height_above_ground",
          "low_vegetation_signal"
        ],
        "area_m2": 16.87,
        "risk_type": "possible_access_corridor_conflict",
        "risk_severity": "high",
        "risk_score": 0.82,
        "risk_explanation": "An elevated structure candidate is immediately beside a detected access corridor. Verify the approved road and parcel boundary before treating this as encroachment.",
        "recommended_action": "field_verification",
        "review_status": "field_required",
        "source": "baseline_geospatial_extraction",
        "risk_disclaimer": "Screening indicator from drone evidence; not a legal determination."
      },
      "geometry": {
        "type": "Polygon",
        "coordinates": [
          [
            [
              -70.9151823,
              41.6536688
            ],
            [
              -70.915182,
              41.6536598
            ],
            [
              -70.915188,
              41.6536597
            ],
            [
              -70.9151872,
              41.6536328
            ],
            [
              -70.9151812,
              41.6536329
            ],
            [
              -70.9151811,
              41.6536284
            ],
            [
              -70.9151452,
              41.653629
            ],
            [
              -70.9151453,
              41.6536335
            ],
            [
              -70.9151393,
              41.6536336
            ],
            [
              -70.9151404,
              41.6536695
            ],
            [
              -70.9151823,
              41.6536688
            ]
          ]
        ]
      }
    },
    {
      "type": "Feature",
      "properties": {
        "feature_id": "BUI-009",
        "feature_type": "building_candidate",
        "confidence": 0.8,
        "confidence_band": "high",
        "evidence": [
          "height_above_ground",
          "low_vegetation_signal"
        ],
        "area_m2": 12.16,
        "risk_type": "possible_access_corridor_conflict",
        "risk_severity": "high",
        "risk_score": 0.82,
        "risk_explanation": "An elevated structure candidate is immediately beside a detected access corridor. Verify the approved road and parcel boundary before treating this as encroachment.",
        "recommended_action": "field_verification",
        "review_status": "field_required",
        "source": "baseline_geospatial_extraction",
        "risk_disclaimer": "Screening indicator from drone evidence; not a legal determination."
      },
      "geometry": {
        "type": "Polygon",
        "coordinates": [
          [
            [
              -70.9150556,
              41.653635
            ],
            [
              -70.9150548,
              41.6536081
            ],
            [
              -70.915001,
              41.653609
            ],
            [
              -70.9150016,
              41.6536269
            ],
            [
              -70.9150075,
              41.6536268
            ],
            [
              -70.9150077,
              41.6536313
            ],
            [
              -70.9150256,
              41.653631
            ],
            [
              -70.9150257,
              41.6536355
            ],
            [
              -70.9150556,
              41.653635
            ]
          ]
        ]
      }
    },
    {
      "type": "Feature",
      "properties": {
        "feature_id": "BUI-010",
        "feature_type": "building_candidate",
        "confidence": 0.803,
        "confidence_band": "high",
        "evidence": [
          "height_above_ground",
          "low_vegetation_signal"
        ],
        "area_m2": 20.1,
        "risk_type": "possible_access_corridor_conflict",
        "risk_severity": "high",
        "risk_score": 0.82,
        "risk_explanation": "An elevated structure candidate is immediately beside a detected access corridor. Verify the approved road and parcel boundary before treating this as encroachment.",
        "recommended_action": "field_verification",
        "review_status": "field_required",
        "source": "baseline_geospatial_extraction",
        "risk_disclaimer": "Screening indicator from drone evidence; not a legal determination."
      },
      "geometry": {
        "type": "Polygon",
        "coordinates": [
          [
            [
              -70.915173,
              41.6535568
            ],
            [
              -70.9151728,
              41.6535523
            ],
            [
              -70.9151788,
              41.6535522
            ],
            [
              -70.9151775,
              41.6535074
            ],
            [
              -70.9151356,
              41.6535081
            ],
            [
              -70.9151358,
              41.6535125
            ],
            [
              -70.9151298,
              41.6535126
            ],
            [
              -70.9151304,
              41.6535351
            ],
            [
              -70.9151364,
              41.653535
            ],
            [
              -70.9151371,
              41.6535574
            ],
            [
              -70.915173,
              41.6535568
            ]
          ]
        ]
      }
    },
    {
      "type": "Feature",
      "properties": {
        "feature_id": "BUI-011",
        "feature_type": "building_candidate",
        "confidence": 0.809,
        "confidence_band": "high",
        "evidence": [
          "height_above_ground",
          "low_vegetation_signal"
        ],
        "area_m2": 6.7,
        "risk_type": "possible_access_corridor_conflict",
        "risk_severity": "high",
        "risk_score": 0.82,
        "risk_explanation": "An elevated structure candidate is immediately beside a detected access corridor. Verify the approved road and parcel boundary before treating this as encroachment.",
        "recommended_action": "field_verification",
        "review_status": "field_required",
        "source": "baseline_geospatial_extraction",
        "risk_disclaimer": "Screening indicator from drone evidence; not a legal determination."
      },
      "geometry": {
        "type": "Polygon",
        "coordinates": [
          [
            [
              -70.9149807,
              41.6535286
            ],
            [
              -70.9149802,
              41.6535107
            ],
            [
              -70.9149323,
              41.6535115
            ],
            [
              -70.9149327,
              41.6535249
            ],
            [
              -70.9149626,
              41.6535244
            ],
            [
              -70.9149628,
              41.6535289
            ],
            [
              -70.9149807,
              41.6535286
            ]
          ]
        ]
      }
    },
    {
      "type": "Feature",
      "properties": {
        "feature_id": "BUI-012",
        "feature_type": "building_candidate",
        "confidence": 0.746,
        "confidence_band": "medium",
        "evidence": [
          "height_above_ground",
          "low_vegetation_signal"
        ],
        "area_m2": 115.11,
        "risk_type": "possible_access_corridor_conflict",
        "risk_severity": "high",
        "risk_score": 0.82,
        "risk_explanation": "An elevated structure candidate is immediately beside a detected access corridor. Verify the approved road and parcel boundary before treating this as encroachment.",
        "recommended_action": "field_verification",
        "review_status": "field_required",
        "source": "baseline_geospatial_extraction",
        "risk_disclaimer": "Screening indicator from drone evidence; not a legal determination."
      },
      "geometry": {
        "type": "Polygon",
        "coordinates": [
          [
            [
              -70.9147802,
              41.6536261
            ],
            [
              -70.9147799,
              41.6536172
            ],
            [
              -70.9148039,
              41.6536168
            ],
            [
              -70.9148035,
              41.6536033
            ],
            [
              -70.9148094,
              41.6536032
            ],
            [
              -70.9148088,
              41.6535808
            ],
            [
              -70.9148028,
              41.6535809
            ],
            [
              -70.9148016,
              41.6535405
            ],
            [
              -70.9148076,
              41.6535404
            ],
            [
              -70.9148074,
              41.653536
            ],
            [
              -70.9148134,
              41.6535359
            ],
            [
              -70.9148129,
              41.6535179
            ],
            [
              -70.9148069,
              41.653518
            ],
            [
              -70.9148068,
              41.6535135
            ],
            [
              -70.9148008,
              41.6535136
            ],
            [
              -70.9148005,
              41.6535047
            ],
            [
              -70.9147766,
              41.6535051
            ],
            [
              -70.9147768,
              41.6535096
            ],
            [
              -70.9147229,
              41.6535105
            ],
            [
              -70.9147231,
              41.6535149
            ],
            [
              -70.9146932,
              41.6535154
            ],
            [
              -70.9146933,
              41.6535199
            ],
            [
              -70.9146873,
              41.65352
            ],
            [
              -70.9146887,
              41.6535649
            ],
            [
              -70.9146946,
              41.6535648
            ],
            [
              -70.9146958,
              41.6536051
            ],
            [
              -70.9147018,
              41.653605
            ],
            [
              -70.9147021,
              41.653614
            ],
            [
              -70.9147081,
              41.6536139
            ],
            [
              -70.9147082,
              41.6536184
            ],
            [
              -70.9147441,
              41.6536178
            ],
            [
              -70.9147443,
              41.6536267
            ],
            [
              -70.9147802,
              41.6536261
            ]
          ]
        ]
      }
    },
    {
      "type": "Feature",
      "properties": {
        "feature_id": "BUI-013",
        "feature_type": "building_candidate",
        "confidence": 0.782,
        "confidence_band": "medium",
        "evidence": [
          "height_above_ground",
          "low_vegetation_signal"
        ],
        "area_m2": 17.37,
        "risk_type": "possible_access_corridor_conflict",
        "risk_severity": "high",
        "risk_score": 0.82,
        "risk_explanation": "An elevated structure candidate is immediately beside a detected access corridor. Verify the approved road and parcel boundary before treating this as encroachment.",
        "recommended_action": "field_verification",
        "review_status": "field_required",
        "source": "baseline_geospatial_extraction",
        "risk_disclaimer": "Screening indicator from drone evidence; not a legal determination."
      },
      "geometry": {
        "type": "Polygon",
        "coordinates": [
          [
            [
              -70.9148953,
              41.6534717
            ],
            [
              -70.9148951,
              41.6534672
            ],
            [
              -70.914925,
              41.6534667
            ],
            [
              -70.9149248,
              41.6534578
            ],
            [
              -70.9149307,
              41.6534577
            ],
            [
              -70.9149303,
              41.6534442
            ],
            [
              -70.9149244,
              41.6534443
            ],
            [
              -70.9149242,
              41.6534398
            ],
            [
              -70.9149123,
              41.65344
            ],
            [
              -70.9149121,
              41.6534355
            ],
            [
              -70.9148822,
              41.653436
            ],
            [
              -70.9148824,
              41.6534405
            ],
            [
              -70.9148704,
              41.6534407
            ],
            [
              -70.9148707,
              41.6534497
            ],
            [
              -70.9148647,
              41.6534498
            ],
            [
              -70.9148652,
              41.6534677
            ],
            [
              -70.9148712,
              41.6534676
            ],
            [
              -70.9148714,
              41.6534721
            ],
            [
              -70.9148953,
              41.6534717
            ]
          ]
        ]
      }
    },
    {
      "type": "Feature",
      "properties": {
        "feature_id": "BUI-014",
        "feature_type": "building_candidate",
        "confidence": 0.81,
        "confidence_band": "high",
        "evidence": [
          "height_above_ground",
          "low_vegetation_signal"
        ],
        "area_m2": 415.8,
        "risk_type": "possible_access_corridor_conflict",
        "risk_severity": "high",
        "risk_score": 0.82,
        "risk_explanation": "An elevated structure candidate is immediately beside a detected access corridor. Verify the approved road and parcel boundary before treating this as encroachment.",
        "recommended_action": "field_verification",
        "review_status": "field_required",
        "source": "baseline_geospatial_extraction",
        "risk_disclaimer": "Screening indicator from drone evidence; not a legal determination."
      },
      "geometry": {
        "type": "Polygon",
        "coordinates": [
          [
            [
              -70.9144783,
              41.6537343
            ],
            [
              -70.9144774,
              41.6537029
            ],
            [
              -70.9145013,
              41.6537026
            ],
            [
              -70.9145012,
              41.6536981
            ],
            [
              -70.9145072,
              41.653698
            ],
            [
              -70.9145069,
              41.653689
            ],
            [
              -70.9145129,
              41.6536889
            ],
            [
              -70.9145122,
              41.6536665
            ],
            [
              -70.9145182,
              41.6536664
            ],
            [
              -70.9145175,
              41.653644
            ],
            [
              -70.9145115,
              41.6536441
            ],
            [
              -70.9145114,
              41.6536396
            ],
            [
              -70.9145054,
              41.6536397
            ],
            [
              -70.9145052,
              41.6536307
            ],
            [
              -70.9144992,
              41.6536308
            ],
            [
              -70.9144991,
              41.6536263
            ],
            [
              -70.9144871,
              41.6536265
            ],
            [
              -70.9144817,
              41.6534427
            ],
            [
              -70.9145474,
              41.6534416
            ],
            [
              -70.9145476,
              41.6534461
            ],
            [
              -70.9145774,
              41.6534456
            ],
            [
              -70.9145764,
              41.6534097
            ],
            [
              -70.9145824,
              41.6534096
            ],
            [
              -70.9145814,
              41.6533782
            ],
            [
              -70.9145755,
              41.6533783
            ],
            [
              -70.9145753,
              41.6533739
            ],
            [
              -70.9145693,
              41.653374
            ],
            [
              -70.9145692,
              41.6533695
            ],
            [
              -70.9144975,
              41.6533707
            ],
            [
              -70.9144976,
              41.6533752
            ],
            [
              -70.9144797,
              41.6533755
            ],
            [
              -70.9144802,
              41.6533934
            ],
            [
              -70.9143487,
              41.6533956
            ],
            [
              -70.9143477,
              41.6533642
            ],
            [
              -70.9143896,
              41.6533635
            ],
            [
              -70.9143894,
              41.653359
            ],
            [
              -70.9144014,
              41.6533588
            ],
            [
              -70.914401,
              41.6533454
            ],
            [
              -70.914389,
              41.6533456
            ],
            [
              -70.9143889,
              41.6533411
            ],
            [
              -70.914359,
              41.6533416
            ],
            [
              -70.9143589,
              41.6533371
            ],
            [
              -70.914329,
              41.6533376
            ],
            [
              -70.9143295,
              41.6533555
            ],
            [
              -70.9142518,
              41.6533568
            ],
            [
              -70.9142521,
              41.6533658
            ],
            [
              -70.9142401,
              41.653366
            ],
            [
              -70.9142408,
              41.6533884
            ],
            [
              -70.9143245,
              41.653387
            ],
            [
              -70.9143247,
              41.653396
            ],
            [
              -70.9143427,
              41.6533957
            ],
            [
              -70.9143431,
              41.6534091
            ],
            [
              -70.914355,
              41.6534089
            ],
            [
              -70.9143553,
              41.6534179
            ],
            [
              -70.9143673,
              41.6534177
            ],
            [
              -70.9143674,
              41.6534222
            ],
            [
              -70.9144391,
              41.653421
            ],
            [
              -70.9144458,
              41.6536452
            ],
            [
              -70.9144398,
              41.6536453
            ],
            [
              -70.9144413,
              41.6536946
            ],
            [
              -70.9144233,
              41.6536949
            ],
            [
              -70.9144236,
              41.6537038
            ],
            [
              -70.9143459,
              41.6537051
            ],
            [
              -70.9143456,
              41.6536962
            ],
            [
              -70.9142679,
              41.6536975
            ],
            [
              -70.9142683,
              41.6537109
            ],
            [
              -70.914047,
              41.6537146
            ],
            [
              -70.9140469,
              41.6537101
            ],
            [
              -70.9139154,
              41.6537123
            ],
            [
              -70.9139151,
              41.6537033
            ],
            [
              -70.9138553,
              41.6537043
            ],
            [
              -70.9138557,
              41.6537178
            ],
            [
              -70.9138617,
              41.6537177
            ],
            [
              -70.9138618,
              41.6537222
            ],
            [
              -70.9138738,
              41.653722
            ],
            [
              -70.9138739,
              41.6537265
            ],
            [
              -70.9138918,
              41.6537262
            ],
            [
              -70.913892,
              41.6537306
            ],
            [
              -70.9140235,
              41.6537285
            ],
            [
              -70.9140237,
              41.6537329
            ],
            [
              -70.9140535,
              41.6537324
            ],
            [
              -70.9140537,
              41.6537369
            ],
            [
              -70.9144184,
              41.6537308
            ],
            [
              -70.9144185,
              41.6537353
            ],
            [
              -70.9144783,
              41.6537343
            ]
          ]
        ]
      }
    },
    {
      "type": "Feature",
      "properties": {
        "feature_id": "BUI-015",
        "feature_type": "building_candidate",
        "confidence": 0.75,
        "confidence_band": "medium",
        "evidence": [
          "height_above_ground",
          "low_vegetation_signal"
        ],
        "area_m2": 468.4,
        "risk_type": "possible_access_corridor_conflict",
        "risk_severity": "high",
        "risk_score": 0.82,
        "risk_explanation": "An elevated structure candidate is immediately beside a detected access corridor. Verify the approved road and parcel boundary before treating this as encroachment.",
        "recommended_action": "field_verification",
        "review_status": "field_required",
        "source": "baseline_geospatial_extraction",
        "risk_disclaimer": "Screening indicator from drone evidence; not a legal determination."
      },
      "geometry": {
        "type": "Polygon",
        "coordinates": [
          [
            [
              -70.9137695,
              41.653634
            ],
            [
              -70.9137693,
              41.6536295
            ],
            [
              -70.9137992,
              41.653629
            ],
            [
              -70.9137987,
              41.6536111
            ],
            [
              -70.9137867,
              41.6536113
            ],
            [
              -70.9137854,
              41.6535664
            ],
            [
              -70.9137675,
              41.6535667
            ],
            [
              -70.9137666,
              41.6535354
            ],
            [
              -70.9137725,
              41.6535353
            ],
            [
              -70.9137723,
              41.6535263
            ],
            [
              -70.9137842,
              41.6535261
            ],
            [
              -70.9137832,
              41.6534902
            ],
            [
              -70.9138011,
              41.6534899
            ],
            [
              -70.9138007,
              41.6534765
            ],
            [
              -70.9137648,
              41.6534771
            ],
            [
              -70.913762,
              41.6533829
            ],
            [
              -70.9138039,
              41.6533822
            ],
            [
              -70.913805,
              41.6534181
            ],
            [
              -70.9138408,
              41.6534175
            ],
            [
              -70.9138407,
              41.653413
            ],
            [
              -70.9138826,
              41.6534123
            ],
            [
              -70.9138827,
              41.6534168
            ],
            [
              -70.9139245,
              41.6534161
            ],
            [
              -70.9139244,
              41.6534116
            ],
            [
              -70.9139364,
              41.6534114
            ],
            [
              -70.9139361,
              41.6534025
            ],
            [
              -70.9139421,
              41.6534024
            ],
            [
              -70.9139418,
              41.6533934
            ],
            [
              -70.9139538,
              41.6533932
            ],
            [
              -70.9139536,
              41.6533887
            ],
            [
              -70.9140852,
              41.6533865
            ],
            [
              -70.9140856,
              41.6534
            ],
            [
              -70.9141334,
              41.6533992
            ],
            [
              -70.9141341,
              41.6534216
            ],
            [
              -70.914164,
              41.6534211
            ],
            [
              -70.9141636,
              41.6534076
            ],
            [
              -70.9142054,
              41.6534069
            ],
            [
              -70.9142049,
              41.653389
            ],
            [
              -70.9141989,
              41.6533891
            ],
            [
              -70.9141973,
              41.6533353
            ],
            [
              -70.9141913,
              41.6533354
            ],
            [
              -70.9141912,
              41.6533309
            ],
            [
              -70.9141852,
              41.653331
            ],
            [
              -70.9141851,
              41.6533265
            ],
            [
              -70.9141731,
              41.6533267
            ],
            [
              -70.9141729,
              41.6533178
            ],
            [
              -70.9141131,
              41.6533188
            ],
            [
              -70.9141121,
              41.6532874
            ],
            [
              -70.9141062,
              41.6532875
            ],
            [
              -70.914106,
              41.653283
            ],
            [
              -70.9140642,
              41.6532837
            ],
            [
              -70.9140641,
              41.6532792
            ],
            [
              -70.9140461,
              41.6532795
            ],
            [
              -70.9140466,
              41.6532974
            ],
            [
              -70.9140108,
              41.653298
            ],
            [
              -70.9140113,
              41.653316
            ],
            [
              -70.9139037,
              41.6533178
            ],
            [
              -70.9139038,
              41.6533222
            ],
            [
              -70.9138978,
              41.6533223
            ],
            [
              -70.913898,
              41.6533268
            ],
            [
              -70.9138322,
              41.6533279
            ],
            [
              -70.9138323,
              41.6533324
            ],
            [
              -70.9137905,
              41.6533331
            ],
            [
              -70.9137906,
              41.6533376
            ],
            [
              -70.9137547,
              41.6533382
            ],
            [
              -70.9137549,
              41.6533427
            ],
            [
              -70.9137429,
              41.6533429
            ],
            [
              -70.913743,
              41.6533474
            ],
            [
              -70.9137371,
              41.6533475
            ],
            [
              -70.9137379,
              41.6533744
            ],
            [
              -70.9137319,
              41.6533745
            ],
            [
              -70.9137328,
              41.6534058
            ],
            [
              -70.9137209,
              41.653406
            ],
            [
              -70.9137219,
              41.6534419
            ],
            [
              -70.9137339,
              41.6534417
            ],
            [
              -70.9137349,
              41.6534776
            ],
            [
              -70.913729,
              41.6534777
            ],
            [
              -70.9137301,
              41.653518
            ],
            [
              -70.9137361,
              41.6535179
            ],
            [
              -70.9137371,
              41.6535493
            ],
            [
              -70.9137311,
              41.6535494
            ],
            [
              -70.9137312,
              41.6535539
            ],
            [
              -70.9137252,
              41.653554
            ],
            [
              -70.9137256,
              41.6535674
            ],
            [
              -70.9137197,
              41.6535675
            ],
            [
              -70.9137198,
              41.653572
            ],
            [
              -70.9137138,
              41.6535721
            ],
            [
              -70.9137153,
              41.6536214
            ],
            [
              -70.9137212,
              41.6536213
            ],
            [
              -70.9137214,
              41.6536258
            ],
            [
              -70.9137274,
              41.6536257
            ],
            [
              -70.9137275,
              41.6536302
            ],
            [
              -70.9137514,
              41.6536298
            ],
            [
              -70.9137515,
              41.6536343
            ],
            [
              -70.9137695,
              41.653634
            ]
          ]
        ]
      }
    },
    {
      "type": "Feature",
      "properties": {
        "feature_id": "BUI-016",
        "feature_type": "building_candidate",
        "confidence": 0.72,
        "confidence_band": "medium",
        "evidence": [
          "height_above_ground",
          "low_vegetation_signal"
        ],
        "area_m2": 9.92,
        "risk_type": "possible_access_corridor_conflict",
        "risk_severity": "high",
        "risk_score": 0.82,
        "risk_explanation": "An elevated structure candidate is immediately beside a detected access corridor. Verify the approved road and parcel boundary before treating this as encroachment.",
        "recommended_action": "field_verification",
        "review_status": "field_required",
        "source": "baseline_geospatial_extraction",
        "risk_disclaimer": "Screening indicator from drone evidence; not a legal determination."
      },
      "geometry": {
        "type": "Polygon",
        "coordinates": [
          [
            [
              -70.9138888,
              41.6530175
            ],
            [
              -70.9138877,
              41.6529816
            ],
            [
              -70.9138578,
              41.6529821
            ],
            [
              -70.9138589,
              41.653018
            ],
            [
              -70.9138888,
              41.6530175
            ]
          ]
        ]
      }
    },
    {
      "type": "Feature",
      "properties": {
        "feature_id": "BUI-017",
        "feature_type": "building_candidate",
        "confidence": 0.638,
        "confidence_band": "medium",
        "evidence": [
          "height_above_ground",
          "low_vegetation_signal"
        ],
        "area_m2": 102.96,
        "risk_type": "possible_access_corridor_conflict",
        "risk_severity": "high",
        "risk_score": 0.82,
        "risk_explanation": "An elevated structure candidate is immediately beside a detected access corridor. Verify the approved road and parcel boundary before treating this as encroachment.",
        "recommended_action": "field_verification",
        "review_status": "field_required",
        "source": "baseline_geospatial_extraction",
        "risk_disclaimer": "Screening indicator from drone evidence; not a legal determination."
      },
      "geometry": {
        "type": "Polygon",
        "coordinates": [
          [
            [
              -70.9168799,
              41.6530214
            ],
            [
              -70.9168795,
              41.653008
            ],
            [
              -70.9169273,
              41.6530072
            ],
            [
              -70.9169275,
              41.6530117
            ],
            [
              -70.9169454,
              41.6530114
            ],
            [
              -70.9169453,
              41.6530069
            ],
            [
              -70.9169752,
              41.6530064
            ],
            [
              -70.9169746,
              41.6529885
            ],
            [
              -70.9169866,
              41.6529883
            ],
            [
              -70.9169859,
              41.6529658
            ],
            [
              -70.9169381,
              41.6529666
            ],
            [
              -70.9169376,
              41.6529487
            ],
            [
              -70.9169137,
              41.6529491
            ],
            [
              -70.9169135,
              41.6529446
            ],
            [
              -70.9169016,
              41.6529448
            ],
            [
              -70.9169009,
              41.6529224
            ],
            [
              -70.916883,
              41.6529227
            ],
            [
              -70.9168832,
              41.6529317
            ],
            [
              -70.9168593,
              41.6529321
            ],
            [
              -70.9168596,
              41.652941
            ],
            [
              -70.9168536,
              41.6529411
            ],
            [
              -70.9168537,
              41.6529456
            ],
            [
              -70.9168477,
              41.6529457
            ],
            [
              -70.9168481,
              41.6529592
            ],
            [
              -70.9168302,
              41.6529595
            ],
            [
              -70.9168306,
              41.6529729
            ],
            [
              -70.9167947,
              41.6529735
            ],
            [
              -70.9167951,
              41.652987
            ],
            [
              -70.9168011,
              41.6529869
            ],
            [
              -70.916802,
              41.6530182
            ],
            [
              -70.916808,
              41.6530182
            ],
            [
              -70.9168082,
              41.6530226
            ],
            [
              -70.9168799,
              41.6530214
            ]
          ]
        ]
      }
    },
    {
      "type": "Feature",
      "properties": {
        "feature_id": "BUI-018",
        "feature_type": "building_candidate",
        "confidence": 0.709,
        "confidence_band": "medium",
        "evidence": [
          "height_above_ground",
          "low_vegetation_signal"
        ],
        "area_m2": 16.87,
        "risk_type": "possible_access_corridor_conflict",
        "risk_severity": "high",
        "risk_score": 0.82,
        "risk_explanation": "An elevated structure candidate is immediately beside a detected access corridor. Verify the approved road and parcel boundary before treating this as encroachment.",
        "recommended_action": "field_verification",
        "review_status": "field_required",
        "source": "baseline_geospatial_extraction",
        "risk_disclaimer": "Screening indicator from drone evidence; not a legal determination."
      },
      "geometry": {
        "type": "Polygon",
        "coordinates": [
          [
            [
              -70.9166111,
              41.652833
            ],
            [
              -70.916611,
              41.6528286
            ],
            [
              -70.9166229,
              41.6528284
            ],
            [
              -70.9166225,
              41.6528149
            ],
            [
              -70.9166106,
              41.6528151
            ],
            [
              -70.9166098,
              41.6527882
            ],
            [
              -70.9165859,
              41.6527886
            ],
            [
              -70.916586,
              41.6527931
            ],
            [
              -70.91658,
              41.6527932
            ],
            [
              -70.9165802,
              41.6527977
            ],
            [
              -70.9165742,
              41.6527978
            ],
            [
              -70.9165743,
              41.6528022
            ],
            [
              -70.9165623,
              41.6528024
            ],
            [
              -70.9165625,
              41.6528069
            ],
            [
              -70.9165565,
              41.652807
            ],
            [
              -70.9165569,
              41.6528205
            ],
            [
              -70.9165868,
              41.65282
            ],
            [
              -70.9165872,
              41.6528334
            ],
            [
              -70.9166111,
              41.652833
            ]
          ]
        ]
      }
    },
    {
      "type": "Feature",
      "properties": {
        "feature_id": "BUI-019",
        "feature_type": "building_candidate",
        "confidence": 0.656,
        "confidence_band": "medium",
        "evidence": [
          "height_above_ground",
          "low_vegetation_signal"
        ],
        "area_m2": 272.65,
        "risk_type": "possible_access_corridor_conflict",
        "risk_severity": "high",
        "risk_score": 0.82,
        "risk_explanation": "An elevated structure candidate is immediately beside a detected access corridor. Verify the approved road and parcel boundary before treating this as encroachment.",
        "recommended_action": "field_verification",
        "review_status": "field_required",
        "source": "baseline_geospatial_extraction",
        "risk_disclaimer": "Screening indicator from drone evidence; not a legal determination."
      },
      "geometry": {
        "type": "Polygon",
        "coordinates": [
          [
            [
              -70.9170142,
              41.6529115
            ],
            [
              -70.9170138,
              41.6528981
            ],
            [
              -70.9170019,
              41.6528983
            ],
            [
              -70.9170015,
              41.6528848
            ],
            [
              -70.9169955,
              41.6528849
            ],
            [
              -70.9169943,
              41.6528446
            ],
            [
              -70.9170003,
              41.6528445
            ],
            [
              -70.9169999,
              41.652831
            ],
            [
              -70.9169819,
              41.6528313
            ],
            [
              -70.9169814,
              41.6528134
            ],
            [
              -70.9168798,
              41.6528151
            ],
            [
              -70.9168791,
              41.6527927
            ],
            [
              -70.9168133,
              41.6527938
            ],
            [
              -70.9168119,
              41.6527445
            ],
            [
              -70.9168358,
              41.6527441
            ],
            [
              -70.9168347,
              41.6527082
            ],
            [
              -70.9168407,
              41.6527081
            ],
            [
              -70.9168403,
              41.6526946
            ],
            [
              -70.9168164,
              41.652695
            ],
            [
              -70.9168173,
              41.6527264
            ],
            [
              -70.9167635,
              41.6527273
            ],
            [
              -70.9167634,
              41.6527228
            ],
            [
              -70.9167275,
              41.6527234
            ],
            [
              -70.9167274,
              41.652719
            ],
            [
              -70.9166975,
              41.6527195
            ],
            [
              -70.9166976,
              41.6527239
            ],
            [
              -70.9166916,
              41.652724
            ],
            [
              -70.916692,
              41.6527375
            ],
            [
              -70.916686,
              41.6527376
            ],
            [
              -70.9166864,
              41.652751
            ],
            [
              -70.9166924,
              41.6527509
            ],
            [
              -70.9166926,
              41.6527554
            ],
            [
              -70.9167165,
              41.652755
            ],
            [
              -70.9167174,
              41.6527864
            ],
            [
              -70.9167234,
              41.6527863
            ],
            [
              -70.9167235,
              41.6527908
            ],
            [
              -70.9167594,
              41.6527902
            ],
            [
              -70.9167606,
              41.6528305
            ],
            [
              -70.9167546,
              41.6528306
            ],
            [
              -70.9167561,
              41.65288
            ],
            [
              -70.9168039,
              41.6528792
            ],
            [
              -70.9168043,
              41.6528926
            ],
            [
              -70.9168222,
              41.6528923
            ],
            [
              -70.916822,
              41.6528833
            ],
            [
              -70.9168877,
              41.6528822
            ],
            [
              -70.9168879,
              41.6528867
            ],
            [
              -70.9169058,
              41.6528864
            ],
            [
              -70.9169059,
              41.6528909
            ],
            [
              -70.9169239,
              41.6528906
            ],
            [
              -70.9169244,
              41.6529086
            ],
            [
              -70.9169962,
              41.6529074
            ],
            [
              -70.9169963,
              41.6529118
            ],
            [
              -70.9170142,
              41.6529115
            ]
          ]
        ]
      }
    },
    {
      "type": "Feature",
      "properties": {
        "feature_id": "BUI-020",
        "feature_type": "building_candidate",
        "confidence": 0.661,
        "confidence_band": "medium",
        "evidence": [
          "height_above_ground",
          "low_vegetation_signal"
        ],
        "area_m2": 129.01,
        "risk_type": "possible_access_corridor_conflict",
        "risk_severity": "high",
        "risk_score": 0.82,
        "risk_explanation": "An elevated structure candidate is immediately beside a detected access corridor. Verify the approved road and parcel boundary before treating this as encroachment.",
        "recommended_action": "field_verification",
        "review_status": "field_required",
        "source": "baseline_geospatial_extraction",
        "risk_disclaimer": "Screening indicator from drone evidence; not a legal determination."
      },
      "geometry": {
        "type": "Polygon",
        "coordinates": [
          [
            [
              -70.9139176,
              41.6529811
            ],
            [
              -70.9139156,
              41.6529139
            ],
            [
              -70.9139037,
              41.652914
            ],
            [
              -70.9139034,
              41.6529051
            ],
            [
              -70.9138795,
              41.6529055
            ],
            [
              -70.9138786,
              41.6528741
            ],
            [
              -70.9139264,
              41.6528733
            ],
            [
              -70.9139253,
              41.6528374
            ],
            [
              -70.9139313,
              41.6528373
            ],
            [
              -70.9139312,
              41.6528328
            ],
            [
              -70.9139372,
              41.6528327
            ],
            [
              -70.9139358,
              41.6527879
            ],
            [
              -70.9139478,
              41.6527877
            ],
            [
              -70.9139477,
              41.6527832
            ],
            [
              -70.9139536,
              41.6527831
            ],
            [
              -70.9139527,
              41.6527517
            ],
            [
              -70.9139647,
              41.6527515
            ],
            [
              -70.9139643,
              41.6527381
            ],
            [
              -70.9139523,
              41.6527383
            ],
            [
              -70.9139518,
              41.6527204
            ],
            [
              -70.9139339,
              41.6527207
            ],
            [
              -70.913934,
              41.6527251
            ],
            [
              -70.913916,
              41.6527254
            ],
            [
              -70.9139164,
              41.6527389
            ],
            [
              -70.9138925,
              41.6527393
            ],
            [
              -70.9138927,
              41.6527438
            ],
            [
              -70.9138867,
              41.6527439
            ],
            [
              -70.9138873,
              41.6527663
            ],
            [
              -70.9138993,
              41.6527661
            ],
            [
              -70.913901,
              41.6528244
            ],
            [
              -70.9138831,
              41.6528247
            ],
            [
              -70.9138832,
              41.6528292
            ],
            [
              -70.9138175,
              41.6528303
            ],
            [
              -70.9138181,
              41.6528527
            ],
            [
              -70.9138121,
              41.6528528
            ],
            [
              -70.9138123,
              41.6528573
            ],
            [
              -70.9138063,
              41.6528574
            ],
            [
              -70.9138068,
              41.6528753
            ],
            [
              -70.9138128,
              41.6528752
            ],
            [
              -70.9138129,
              41.6528797
            ],
            [
              -70.9138369,
              41.6528793
            ],
            [
              -70.913837,
              41.6528838
            ],
            [
              -70.9138489,
              41.6528836
            ],
            [
              -70.9138499,
              41.6529149
            ],
            [
              -70.9138618,
              41.6529147
            ],
            [
              -70.913862,
              41.6529192
            ],
            [
              -70.9138679,
              41.6529191
            ],
            [
              -70.9138681,
              41.6529236
            ],
            [
              -70.9138741,
              41.6529235
            ],
            [
              -70.9138742,
              41.652928
            ],
            [
              -70.9138802,
              41.6529279
            ],
            [
              -70.9138803,
              41.6529324
            ],
            [
              -70.9138923,
              41.6529322
            ],
            [
              -70.9138937,
              41.6529815
            ],
            [
              -70.9139176,
              41.6529811
            ]
          ]
        ]
      }
    },
    {
      "type": "Feature",
      "properties": {
        "feature_id": "BUI-021",
        "feature_type": "building_candidate",
        "confidence": 0.591,
        "confidence_band": "low",
        "evidence": [
          "height_above_ground",
          "low_vegetation_signal"
        ],
        "area_m2": 25.31,
        "risk_type": "possible_access_corridor_conflict",
        "risk_severity": "high",
        "risk_score": 0.82,
        "risk_explanation": "An elevated structure candidate is immediately beside a detected access corridor. Verify the approved road and parcel boundary before treating this as encroachment.",
        "recommended_action": "field_verification",
        "review_status": "field_required",
        "source": "baseline_geospatial_extraction",
        "risk_disclaimer": "Screening indicator from drone evidence; not a legal determination."
      },
      "geometry": {
        "type": "Polygon",
        "coordinates": [
          [
            [
              -70.9148857,
              41.6527452
            ],
            [
              -70.9148846,
              41.6527093
            ],
            [
              -70.9148966,
              41.6527091
            ],
            [
              -70.9148965,
              41.6527046
            ],
            [
              -70.9149144,
              41.6527043
            ],
            [
              -70.9149137,
              41.6526819
            ],
            [
              -70.9148958,
              41.6526822
            ],
            [
              -70.9148959,
              41.6526867
            ],
            [
              -70.91489,
              41.6526868
            ],
            [
              -70.9148901,
              41.6526913
            ],
            [
              -70.9148841,
              41.6526914
            ],
            [
              -70.9148842,
              41.6526959
            ],
            [
              -70.9148304,
              41.6526968
            ],
            [
              -70.914831,
              41.6527147
            ],
            [
              -70.9148369,
              41.6527146
            ],
            [
              -70.9148372,
              41.6527236
            ],
            [
              -70.9148432,
              41.6527235
            ],
            [
              -70.9148435,
              41.6527324
            ],
            [
              -70.9148554,
              41.6527322
            ],
            [
              -70.9148555,
              41.6527367
            ],
            [
              -70.9148615,
              41.6527366
            ],
            [
              -70.9148617,
              41.6527411
            ],
            [
              -70.9148676,
              41.652741
            ],
            [
              -70.9148678,
              41.6527455
            ],
            [
              -70.9148857,
              41.6527452
            ]
          ]
        ]
      }
    },
    {
      "type": "Feature",
      "properties": {
        "feature_id": "BUI-022",
        "feature_type": "building_candidate",
        "confidence": 0.705,
        "confidence_band": "medium",
        "evidence": [
          "height_above_ground",
          "low_vegetation_signal"
        ],
        "area_m2": 79.14,
        "risk_type": "possible_access_corridor_conflict",
        "risk_severity": "high",
        "risk_score": 0.82,
        "risk_explanation": "An elevated structure candidate is immediately beside a detected access corridor. Verify the approved road and parcel boundary before treating this as encroachment.",
        "recommended_action": "field_verification",
        "review_status": "field_required",
        "source": "baseline_geospatial_extraction",
        "risk_disclaimer": "Screening indicator from drone evidence; not a legal determination."
      },
      "geometry": {
        "type": "Polygon",
        "coordinates": [
          [
            [
              -70.916445,
              41.6526788
            ],
            [
              -70.9164446,
              41.6526654
            ],
            [
              -70.9164925,
              41.6526646
            ],
            [
              -70.9164926,
              41.652669
            ],
            [
              -70.9164986,
              41.6526689
            ],
            [
              -70.9164987,
              41.6526734
            ],
            [
              -70.9165346,
              41.6526728
            ],
            [
              -70.9165342,
              41.6526594
            ],
            [
              -70.9165282,
              41.6526595
            ],
            [
              -70.9165277,
              41.6526415
            ],
            [
              -70.9165157,
              41.6526417
            ],
            [
              -70.9165156,
              41.6526373
            ],
            [
              -70.9165036,
              41.6526375
            ],
            [
              -70.9165031,
              41.6526195
            ],
            [
              -70.9164672,
              41.6526201
            ],
            [
              -70.9164665,
              41.6525977
            ],
            [
              -70.9163888,
              41.652599
            ],
            [
              -70.9163895,
              41.6526214
            ],
            [
              -70.9163715,
              41.6526217
            ],
            [
              -70.9163717,
              41.6526262
            ],
            [
              -70.9163597,
              41.6526264
            ],
            [
              -70.9163603,
              41.6526443
            ],
            [
              -70.9163543,
              41.6526444
            ],
            [
              -70.9163544,
              41.6526489
            ],
            [
              -70.9163484,
              41.652649
            ],
            [
              -70.9163491,
              41.6526714
            ],
            [
              -70.916367,
              41.6526711
            ],
            [
              -70.9163666,
              41.6526577
            ],
            [
              -70.9163846,
              41.6526574
            ],
            [
              -70.9163842,
              41.6526439
            ],
            [
              -70.916426,
              41.6526432
            ],
            [
              -70.9164271,
              41.6526791
            ],
            [
              -70.916445,
              41.6526788
            ]
          ]
        ]
      }
    },
    {
      "type": "Feature",
      "properties": {
        "feature_id": "BUI-023",
        "feature_type": "building_candidate",
        "confidence": 0.69,
        "confidence_band": "medium",
        "evidence": [
          "height_above_ground",
          "low_vegetation_signal"
        ],
        "area_m2": 4.47,
        "risk_type": "possible_access_corridor_conflict",
        "risk_severity": "high",
        "risk_score": 0.82,
        "risk_explanation": "An elevated structure candidate is immediately beside a detected access corridor. Verify the approved road and parcel boundary before treating this as encroachment.",
        "recommended_action": "field_verification",
        "review_status": "field_required",
        "source": "baseline_geospatial_extraction",
        "risk_disclaimer": "Screening indicator from drone evidence; not a legal determination."
      },
      "geometry": {
        "type": "Polygon",
        "coordinates": [
          [
            [
              -70.9167064,
              41.6526161
            ],
            [
              -70.916706,
              41.6526027
            ],
            [
              -70.9167,
              41.6526028
            ],
            [
              -70.9166997,
              41.6525938
            ],
            [
              -70.9166818,
              41.6525941
            ],
            [
              -70.9166825,
              41.6526165
            ],
            [
              -70.9167064,
              41.6526161
            ]
          ]
        ]
      }
    },
    {
      "type": "Feature",
      "properties": {
        "feature_id": "BUI-024",
        "feature_type": "building_candidate",
        "confidence": 0.648,
        "confidence_band": "medium",
        "evidence": [
          "height_above_ground",
          "low_vegetation_signal"
        ],
        "area_m2": 38.45,
        "risk_type": "possible_access_corridor_conflict",
        "risk_severity": "high",
        "risk_score": 0.82,
        "risk_explanation": "An elevated structure candidate is immediately beside a detected access corridor. Verify the approved road and parcel boundary before treating this as encroachment.",
        "recommended_action": "field_verification",
        "review_status": "field_required",
        "source": "baseline_geospatial_extraction",
        "risk_disclaimer": "Screening indicator from drone evidence; not a legal determination."
      },
      "geometry": {
        "type": "Polygon",
        "coordinates": [
          [
            [
              -70.9169768,
              41.6526565
            ],
            [
              -70.9169762,
              41.6526385
            ],
            [
              -70.9170121,
              41.6526379
            ],
            [
              -70.917012,
              41.6526335
            ],
            [
              -70.9170179,
              41.6526334
            ],
            [
              -70.9170175,
              41.6526199
            ],
            [
              -70.9169996,
              41.6526202
            ],
            [
              -70.9169979,
              41.6525619
            ],
            [
              -70.916974,
              41.6525623
            ],
            [
              -70.9169733,
              41.6525399
            ],
            [
              -70.9169554,
              41.6525402
            ],
            [
              -70.9169562,
              41.6525671
            ],
            [
              -70.9169741,
              41.6525668
            ],
            [
              -70.9169752,
              41.6526027
            ],
            [
              -70.9169512,
              41.6526031
            ],
            [
              -70.9169519,
              41.6526255
            ],
            [
              -70.91694,
              41.6526257
            ],
            [
              -70.9169403,
              41.6526391
            ],
            [
              -70.9169463,
              41.652639
            ],
            [
              -70.9169469,
              41.652657
            ],
            [
              -70.9169768,
              41.6526565
            ]
          ]
        ]
      }
    },
    {
      "type": "Feature",
      "properties": {
        "feature_id": "BUI-025",
        "feature_type": "building_candidate",
        "confidence": 0.655,
        "confidence_band": "medium",
        "evidence": [
          "height_above_ground",
          "low_vegetation_signal"
        ],
        "area_m2": 11.16,
        "risk_type": "possible_access_corridor_conflict",
        "risk_severity": "high",
        "risk_score": 0.82,
        "risk_explanation": "An elevated structure candidate is immediately beside a detected access corridor. Verify the approved road and parcel boundary before treating this as encroachment.",
        "recommended_action": "field_verification",
        "review_status": "field_required",
        "source": "baseline_geospatial_extraction",
        "risk_disclaimer": "Screening indicator from drone evidence; not a legal determination."
      },
      "geometry": {
        "type": "Polygon",
        "coordinates": [
          [
            [
              -70.9148641,
              41.6526199
            ],
            [
              -70.9148637,
              41.6526065
            ],
            [
              -70.9148816,
              41.6526062
            ],
            [
              -70.9148815,
              41.6526017
            ],
            [
              -70.9148874,
              41.6526016
            ],
            [
              -70.914887,
              41.6525882
            ],
            [
              -70.914893,
              41.6525881
            ],
            [
              -70.9148926,
              41.6525746
            ],
            [
              -70.9148627,
              41.6525751
            ],
            [
              -70.9148634,
              41.6525975
            ],
            [
              -70.9148454,
              41.6525978
            ],
            [
              -70.9148461,
              41.6526202
            ],
            [
              -70.9148641,
              41.6526199
            ]
          ]
        ]
      }
    },
    {
      "type": "Feature",
      "properties": {
        "feature_id": "BUI-026",
        "feature_type": "building_candidate",
        "confidence": 0.688,
        "confidence_band": "medium",
        "evidence": [
          "height_above_ground",
          "low_vegetation_signal"
        ],
        "area_m2": 13.89,
        "risk_type": "possible_access_corridor_conflict",
        "risk_severity": "high",
        "risk_score": 0.82,
        "risk_explanation": "An elevated structure candidate is immediately beside a detected access corridor. Verify the approved road and parcel boundary before treating this as encroachment.",
        "recommended_action": "field_verification",
        "review_status": "field_required",
        "source": "baseline_geospatial_extraction",
        "risk_disclaimer": "Screening indicator from drone evidence; not a legal determination."
      },
      "geometry": {
        "type": "Polygon",
        "coordinates": [
          [
            [
              -70.9149649,
              41.6525913
            ],
            [
              -70.9149644,
              41.6525734
            ],
            [
              -70.9149883,
              41.652573
            ],
            [
              -70.9149874,
              41.6525416
            ],
            [
              -70.9149634,
              41.652542
            ],
            [
              -70.9149636,
              41.6525465
            ],
            [
              -70.9149576,
              41.6525466
            ],
            [
              -70.9149577,
              41.6525511
            ],
            [
              -70.9149458,
              41.6525513
            ],
            [
              -70.914947,
              41.6525916
            ],
            [
              -70.9149649,
              41.6525913
            ]
          ]
        ]
      }
    },
    {
      "type": "Feature",
      "properties": {
        "feature_id": "BUI-027",
        "feature_type": "building_candidate",
        "confidence": 0.656,
        "confidence_band": "medium",
        "evidence": [
          "height_above_ground",
          "low_vegetation_signal"
        ],
        "area_m2": 50.36,
        "risk_type": "possible_access_corridor_conflict",
        "risk_severity": "high",
        "risk_score": 0.82,
        "risk_explanation": "An elevated structure candidate is immediately beside a detected access corridor. Verify the approved road and parcel boundary before treating this as encroachment.",
        "recommended_action": "field_verification",
        "review_status": "field_required",
        "source": "baseline_geospatial_extraction",
        "risk_disclaimer": "Screening indicator from drone evidence; not a legal determination."
      },
      "geometry": {
        "type": "Polygon",
        "coordinates": [
          [
            [
              -70.9170581,
              41.6525744
            ],
            [
              -70.9170577,
              41.6525609
            ],
            [
              -70.9171055,
              41.6525601
            ],
            [
              -70.9171052,
              41.6525512
            ],
            [
              -70.9171351,
              41.6525507
            ],
            [
              -70.9171342,
              41.6525193
            ],
            [
              -70.9170804,
              41.6525202
            ],
            [
              -70.91708,
              41.6525067
            ],
            [
              -70.9170501,
              41.6525072
            ],
            [
              -70.91705,
              41.6525027
            ],
            [
              -70.917044,
              41.6525028
            ],
            [
              -70.9170438,
              41.6524984
            ],
            [
              -70.9170379,
              41.6524985
            ],
            [
              -70.9170377,
              41.652494
            ],
            [
              -70.9170198,
              41.6524943
            ],
            [
              -70.9170214,
              41.6525481
            ],
            [
              -70.9170393,
              41.6525478
            ],
            [
              -70.9170401,
              41.6525747
            ],
            [
              -70.9170581,
              41.6525744
            ]
          ]
        ]
      }
    },
    {
      "type": "Feature",
      "properties": {
        "feature_id": "BUI-028",
        "feature_type": "building_candidate",
        "confidence": 0.705,
        "confidence_band": "medium",
        "evidence": [
          "height_above_ground",
          "low_vegetation_signal"
        ],
        "area_m2": 275.63,
        "risk_type": "possible_access_corridor_conflict",
        "risk_severity": "high",
        "risk_score": 0.82,
        "risk_explanation": "An elevated structure candidate is immediately beside a detected access corridor. Verify the approved road and parcel boundary before treating this as encroachment.",
        "recommended_action": "field_verification",
        "review_status": "field_required",
        "source": "baseline_geospatial_extraction",
        "risk_disclaimer": "Screening indicator from drone evidence; not a legal determination."
      },
      "geometry": {
        "type": "Polygon",
        "coordinates": [
          [
            [
              -70.9168031,
              41.6526504
            ],
            [
              -70.9168026,
              41.6526325
            ],
            [
              -70.9168504,
              41.6526317
            ],
            [
              -70.9168503,
              41.6526272
            ],
            [
              -70.9168682,
              41.6526269
            ],
            [
              -70.9168681,
              41.6526224
            ],
            [
              -70.9169099,
              41.6526217
            ],
            [
              -70.9169085,
              41.6525724
            ],
            [
              -70.9168786,
              41.6525729
            ],
            [
              -70.9168764,
              41.6525012
            ],
            [
              -70.9168944,
              41.6525009
            ],
            [
              -70.9168942,
              41.6524964
            ],
            [
              -70.9169002,
              41.6524963
            ],
            [
              -70.9168998,
              41.6524828
            ],
            [
              -70.9169058,
              41.6524827
            ],
            [
              -70.9169049,
              41.6524513
            ],
            [
              -70.9169706,
              41.6524502
            ],
            [
              -70.9169716,
              41.6524816
            ],
            [
              -70.9170314,
              41.6524806
            ],
            [
              -70.9170304,
              41.6524492
            ],
            [
              -70.9171022,
              41.652448
            ],
            [
              -70.9171014,
              41.6524211
            ],
            [
              -70.9170834,
              41.6524214
            ],
            [
              -70.9170837,
              41.6524304
            ],
            [
              -70.917012,
              41.6524316
            ],
            [
              -70.9170124,
              41.6524451
            ],
            [
              -70.9169705,
              41.6524458
            ],
            [
              -70.9169694,
              41.6524099
            ],
            [
              -70.9169814,
              41.6524097
            ],
            [
              -70.916981,
              41.6523962
            ],
            [
              -70.9169511,
              41.6523967
            ],
            [
              -70.9169507,
              41.6523833
            ],
            [
              -70.9169148,
              41.6523839
            ],
            [
              -70.9169146,
              41.6523749
            ],
            [
              -70.9168966,
              41.6523752
            ],
            [
              -70.916897,
              41.6523887
            ],
            [
              -70.9168911,
              41.6523888
            ],
            [
              -70.9168921,
              41.6524246
            ],
            [
              -70.9168742,
              41.6524249
            ],
            [
              -70.9168744,
              41.6524339
            ],
            [
              -70.9168685,
              41.652434
            ],
            [
              -70.9168687,
              41.652443
            ],
            [
              -70.9168628,
              41.6524431
            ],
            [
              -70.9168629,
              41.6524475
            ],
            [
              -70.9168509,
              41.6524477
            ],
            [
              -70.9168513,
              41.6524612
            ],
            [
              -70.9168453,
              41.6524613
            ],
            [
              -70.9168455,
              41.6524658
            ],
            [
              -70.9168275,
              41.6524661
            ],
            [
              -70.9168277,
              41.6524706
            ],
            [
              -70.9168217,
              41.6524707
            ],
            [
              -70.9168221,
              41.6524841
            ],
            [
              -70.9168101,
              41.6524843
            ],
            [
              -70.9168103,
              41.6524888
            ],
            [
              -70.9167983,
              41.652489
            ],
            [
              -70.9167986,
              41.652498
            ],
            [
              -70.9167448,
              41.6524989
            ],
            [
              -70.9167444,
              41.6524854
            ],
            [
              -70.9167085,
              41.652486
            ],
            [
              -70.9167089,
              41.6524995
            ],
            [
              -70.916691,
              41.6524998
            ],
            [
              -70.9166914,
              41.6525132
            ],
            [
              -70.9166854,
              41.6525133
            ],
            [
              -70.9166859,
              41.6525312
            ],
            [
              -70.9167278,
              41.6525305
            ],
            [
              -70.9167276,
              41.6525261
            ],
            [
              -70.9167755,
              41.6525253
            ],
            [
              -70.9167756,
              41.6525297
            ],
            [
              -70.9167816,
              41.6525296
            ],
            [
              -70.9167818,
              41.6525386
            ],
            [
              -70.9167998,
              41.6525383
            ],
            [
              -70.9167999,
              41.6525428
            ],
            [
              -70.9168059,
              41.6525427
            ],
            [
              -70.9168062,
              41.6525517
            ],
            [
              -70.9168181,
              41.6525515
            ],
            [
              -70.9168194,
              41.6525963
            ],
            [
              -70.9168135,
              41.6525964
            ],
            [
              -70.9168136,
              41.6526009
            ],
            [
              -70.9168076,
              41.652601
            ],
            [
              -70.9168077,
              41.6526055
            ],
            [
              -70.9167599,
              41.6526063
            ],
            [
              -70.9167606,
              41.6526287
            ],
            [
              -70.9167666,
              41.6526286
            ],
            [
              -70.9167667,
              41.6526331
            ],
            [
              -70.9167727,
              41.652633
            ],
            [
              -70.9167732,
              41.6526509
            ],
            [
              -70.9168031,
              41.6526504
            ]
          ]
        ]
      }
    },
    {
      "type": "Feature",
      "properties": {
        "feature_id": "BUI-029",
        "feature_type": "building_candidate",
        "confidence": 0.586,
        "confidence_band": "low",
        "evidence": [
          "height_above_ground",
          "low_vegetation_signal"
        ],
        "area_m2": 9.18,
        "risk_type": "possible_access_corridor_conflict",
        "risk_severity": "high",
        "risk_score": 0.82,
        "risk_explanation": "An elevated structure candidate is immediately beside a detected access corridor. Verify the approved road and parcel boundary before treating this as encroachment.",
        "recommended_action": "field_verification",
        "review_status": "field_required",
        "source": "baseline_geospatial_extraction",
        "risk_disclaimer": "Screening indicator from drone evidence; not a legal determination."
      },
      "geometry": {
        "type": "Polygon",
        "coordinates": [
          [
            [
              -70.9143728,
              41.6523949
            ],
            [
              -70.9143727,
              41.6523904
            ],
            [
              -70.9143847,
              41.6523902
            ],
            [
              -70.9143841,
              41.6523722
            ],
            [
              -70.9143782,
              41.6523723
            ],
            [
              -70.914378,
              41.6523679
            ],
            [
              -70.9143481,
              41.6523684
            ],
            [
              -70.9143483,
              41.6523728
            ],
            [
              -70.9143423,
              41.6523729
            ],
            [
              -70.9143428,
              41.6523909
            ],
            [
              -70.9143488,
              41.6523908
            ],
            [
              -70.9143489,
              41.6523953
            ],
            [
              -70.9143728,
              41.6523949
            ]
          ]
        ]
      }
    },
    {
      "type": "Feature",
      "properties": {
        "feature_id": "BUI-030",
        "feature_type": "building_candidate",
        "confidence": 0.67,
        "confidence_band": "medium",
        "evidence": [
          "height_above_ground",
          "low_vegetation_signal"
        ],
        "area_m2": 310.11,
        "risk_type": "possible_access_corridor_conflict",
        "risk_severity": "high",
        "risk_score": 0.82,
        "risk_explanation": "An elevated structure candidate is immediately beside a detected access corridor. Verify the approved road and parcel boundary before treating this as encroachment.",
        "recommended_action": "field_verification",
        "review_status": "field_required",
        "source": "baseline_geospatial_extraction",
        "risk_disclaimer": "Screening indicator from drone evidence; not a legal determination."
      },
      "geometry": {
        "type": "Polygon",
        "coordinates": [
          [
            [
              -70.9139687,
              41.6526842
            ],
            [
              -70.913968,
              41.6526618
            ],
            [
              -70.913974,
              41.6526617
            ],
            [
              -70.9139732,
              41.6526348
            ],
            [
              -70.9139672,
              41.6526349
            ],
            [
              -70.9139665,
              41.6526125
            ],
            [
              -70.9139606,
              41.6526126
            ],
            [
              -70.9139604,
              41.6526081
            ],
            [
              -70.9139544,
              41.6526082
            ],
            [
              -70.9139542,
              41.6525992
            ],
            [
              -70.9139362,
              41.6525995
            ],
            [
              -70.9139352,
              41.6525636
            ],
            [
              -70.9139651,
              41.6525631
            ],
            [
              -70.9139644,
              41.6525407
            ],
            [
              -70.9139704,
              41.6525406
            ],
            [
              -70.9139697,
              41.6525182
            ],
            [
              -70.9139936,
              41.6525178
            ],
            [
              -70.9139935,
              41.6525133
            ],
            [
              -70.9139995,
              41.6525132
            ],
            [
              -70.9139986,
              41.6524818
            ],
            [
              -70.9140165,
              41.6524815
            ],
            [
              -70.9140158,
              41.6524591
            ],
            [
              -70.9140099,
              41.6524592
            ],
            [
              -70.9140091,
              41.6524323
            ],
            [
              -70.9140031,
              41.6524324
            ],
            [
              -70.9140029,
              41.6524279
            ],
            [
              -70.913991,
              41.6524281
            ],
            [
              -70.9139909,
              41.6524237
            ],
            [
              -70.9139849,
              41.6524238
            ],
            [
              -70.9139847,
              41.6524193
            ],
            [
              -70.9139788,
              41.6524194
            ],
            [
              -70.9139782,
              41.6524014
            ],
            [
              -70.9139723,
              41.6524015
            ],
            [
              -70.9139712,
              41.6523657
            ],
            [
              -70.9139592,
              41.6523659
            ],
            [
              -70.9139591,
              41.6523614
            ],
            [
              -70.9139412,
              41.6523617
            ],
            [
              -70.9139413,
              41.6523662
            ],
            [
              -70.9139353,
              41.6523663
            ],
            [
              -70.9139359,
              41.6523842
            ],
            [
              -70.9139179,
              41.6523845
            ],
            [
              -70.9139188,
              41.6524159
            ],
            [
              -70.9139009,
              41.6524162
            ],
            [
              -70.913901,
              41.6524207
            ],
            [
              -70.9138652,
              41.6524213
            ],
            [
              -70.9138653,
              41.6524257
            ],
            [
              -70.9138533,
              41.6524259
            ],
            [
              -70.9138537,
              41.6524394
            ],
            [
              -70.9138597,
              41.6524393
            ],
            [
              -70.9138599,
              41.6524438
            ],
            [
              -70.9138778,
              41.6524435
            ],
            [
              -70.9138781,
              41.6524524
            ],
            [
              -70.913884,
              41.6524523
            ],
            [
              -70.913885,
              41.6524837
            ],
            [
              -70.913879,
              41.6524838
            ],
            [
              -70.9138804,
              41.6525332
            ],
            [
              -70.9138625,
              41.6525334
            ],
            [
              -70.9138626,
              41.6525379
            ],
            [
              -70.9138208,
              41.6525386
            ],
            [
              -70.9138209,
              41.6525431
            ],
            [
              -70.9138149,
              41.6525432
            ],
            [
              -70.9138151,
              41.6525477
            ],
            [
              -70.9138091,
              41.6525478
            ],
            [
              -70.9138095,
              41.6525612
            ],
            [
              -70.9138035,
              41.6525613
            ],
            [
              -70.9138039,
              41.6525748
            ],
            [
              -70.9138099,
              41.6525747
            ],
            [
              -70.9138104,
              41.6525926
            ],
            [
              -70.9138164,
              41.6525925
            ],
            [
              -70.9138165,
              41.652597
            ],
            [
              -70.9138225,
              41.6525969
            ],
            [
              -70.9138226,
              41.6526014
            ],
            [
              -70.9138585,
              41.6526008
            ],
            [
              -70.9138596,
              41.6526367
            ],
            [
              -70.9138835,
              41.6526363
            ],
            [
              -70.9138846,
              41.6526721
            ],
            [
              -70.9139085,
              41.6526717
            ],
            [
              -70.9139086,
              41.6526762
            ],
            [
              -70.9139146,
              41.6526761
            ],
            [
              -70.9139149,
              41.6526851
            ],
            [
              -70.9139687,
              41.6526842
            ]
          ]
        ]
      }
    },
    {
      "type": "Feature",
      "properties": {
        "feature_id": "BUI-031",
        "feature_type": "building_candidate",
        "confidence": 0.568,
        "confidence_band": "low",
        "evidence": [
          "height_above_ground",
          "low_vegetation_signal"
        ],
        "area_m2": 6.7,
        "risk_type": "possible_access_corridor_conflict",
        "risk_severity": "high",
        "risk_score": 0.82,
        "risk_explanation": "An elevated structure candidate is immediately beside a detected access corridor. Verify the approved road and parcel boundary before treating this as encroachment.",
        "recommended_action": "field_verification",
        "review_status": "field_required",
        "source": "baseline_geospatial_extraction",
        "risk_disclaimer": "Screening indicator from drone evidence; not a legal determination."
      },
      "geometry": {
        "type": "Polygon",
        "coordinates": [
          [
            [
              -70.9138929,
              41.652349
            ],
            [
              -70.9138925,
              41.6523356
            ],
            [
              -70.9138387,
              41.6523365
            ],
            [
              -70.9138391,
              41.6523499
            ],
            [
              -70.9138929,
              41.652349
            ]
          ]
        ]
      }
    },
    {
      "type": "Feature",
      "properties": {
        "feature_id": "BUI-032",
        "feature_type": "building_candidate",
        "confidence": 0.617,
        "confidence_band": "medium",
        "evidence": [
          "height_above_ground",
          "low_vegetation_signal"
        ],
        "area_m2": 10.42,
        "risk_type": "possible_access_corridor_conflict",
        "risk_severity": "high",
        "risk_score": 0.82,
        "risk_explanation": "An elevated structure candidate is immediately beside a detected access corridor. Verify the approved road and parcel boundary before treating this as encroachment.",
        "recommended_action": "field_verification",
        "review_status": "field_required",
        "source": "baseline_geospatial_extraction",
        "risk_disclaimer": "Screening indicator from drone evidence; not a legal determination."
      },
      "geometry": {
        "type": "Polygon",
        "coordinates": [
          [
            [
              -70.9173243,
              41.6522739
            ],
            [
              -70.9173242,
              41.6522694
            ],
            [
              -70.917366,
              41.6522687
            ],
            [
              -70.9173655,
              41.6522508
            ],
            [
              -70.9173117,
              41.6522517
            ],
            [
              -70.9173118,
              41.6522561
            ],
            [
              -70.9173059,
              41.6522562
            ],
            [
              -70.9173064,
              41.6522742
            ],
            [
              -70.9173243,
              41.6522739
            ]
          ]
        ]
      }
    },
    {
      "type": "Feature",
      "properties": {
        "feature_id": "BUI-033",
        "feature_type": "building_candidate",
        "confidence": 0.537,
        "confidence_band": "low",
        "evidence": [
          "height_above_ground",
          "low_vegetation_signal"
        ],
        "area_m2": 4.47,
        "risk_type": "possible_access_corridor_conflict",
        "risk_severity": "high",
        "risk_score": 0.82,
        "risk_explanation": "An elevated structure candidate is immediately beside a detected access corridor. Verify the approved road and parcel boundary before treating this as encroachment.",
        "recommended_action": "field_verification",
        "review_status": "field_required",
        "source": "baseline_geospatial_extraction",
        "risk_disclaimer": "Screening indicator from drone evidence; not a legal determination."
      },
      "geometry": {
        "type": "Polygon",
        "coordinates": [
          [
            [
              -70.9173954,
              41.6522503
            ],
            [
              -70.9173951,
              41.6522413
            ],
            [
              -70.9174011,
              41.6522412
            ],
            [
              -70.9174007,
              41.6522277
            ],
            [
              -70.9173768,
              41.6522281
            ],
            [
              -70.9173775,
              41.6522506
            ],
            [
              -70.9173954,
              41.6522503
            ]
          ]
        ]
      }
    },
    {
      "type": "Feature",
      "properties": {
        "feature_id": "BUI-034",
        "feature_type": "building_candidate",
        "confidence": 0.615,
        "confidence_band": "medium",
        "evidence": [
          "height_above_ground",
          "low_vegetation_signal"
        ],
        "area_m2": 222.54,
        "risk_type": "possible_access_corridor_conflict",
        "risk_severity": "high",
        "risk_score": 0.82,
        "risk_explanation": "An elevated structure candidate is immediately beside a detected access corridor. Verify the approved road and parcel boundary before treating this as encroachment.",
        "recommended_action": "field_verification",
        "review_status": "field_required",
        "source": "baseline_geospatial_extraction",
        "risk_disclaimer": "Screening indicator from drone evidence; not a legal determination."
      },
      "geometry": {
        "type": "Polygon",
        "coordinates": [
          [
            [
              -70.917171,
              41.6523482
            ],
            [
              -70.9171709,
              41.6523437
            ],
            [
              -70.9171768,
              41.6523436
            ],
            [
              -70.9171767,
              41.6523391
            ],
            [
              -70.9172425,
              41.652338
            ],
            [
              -70.9172421,
              41.6523246
            ],
            [
              -70.9171823,
              41.6523256
            ],
            [
              -70.9171822,
              41.6523211
            ],
            [
              -70.9171523,
              41.6523216
            ],
            [
              -70.9171512,
              41.6522857
            ],
            [
              -70.9171871,
              41.6522851
            ],
            [
              -70.9171869,
              41.6522807
            ],
            [
              -70.9172288,
              41.65228
            ],
            [
              -70.9172291,
              41.6522889
            ],
            [
              -70.917235,
              41.6522888
            ],
            [
              -70.9172352,
              41.6522933
            ],
            [
              -70.9172531,
              41.652293
            ],
            [
              -70.9172524,
              41.6522706
            ],
            [
              -70.9172465,
              41.6522707
            ],
            [
              -70.9172463,
              41.6522662
            ],
            [
              -70.9172344,
              41.6522664
            ],
            [
              -70.9172341,
              41.6522574
            ],
            [
              -70.9172042,
              41.6522579
            ],
            [
              -70.9172033,
              41.6522266
            ],
            [
              -70.9172451,
              41.6522259
            ],
            [
              -70.9172442,
              41.6521945
            ],
            [
              -70.9172143,
              41.652195
            ],
            [
              -70.9172142,
              41.6521905
            ],
            [
              -70.9171484,
              41.6521916
            ],
            [
              -70.9171487,
              41.6522006
            ],
            [
              -70.9171188,
              41.6522011
            ],
            [
              -70.917119,
              41.65221
            ],
            [
              -70.9170891,
              41.6522105
            ],
            [
              -70.9170893,
              41.652215
            ],
            [
              -70.9170833,
              41.6522151
            ],
            [
              -70.9170834,
              41.6522196
            ],
            [
              -70.9170117,
              41.6522208
            ],
            [
              -70.9170124,
              41.6522432
            ],
            [
              -70.9170183,
              41.6522431
            ],
            [
              -70.9170185,
              41.6522476
            ],
            [
              -70.9170304,
              41.6522474
            ],
            [
              -70.9170306,
              41.6522519
            ],
            [
              -70.9170365,
              41.6522518
            ],
            [
              -70.9170371,
              41.6522697
            ],
            [
              -70.917061,
              41.6522693
            ],
            [
              -70.9170608,
              41.6522648
            ],
            [
              -70.9171027,
              41.6522641
            ],
            [
              -70.9171036,
              41.6522955
            ],
            [
              -70.9170977,
              41.6522956
            ],
            [
              -70.9170982,
              41.6523135
            ],
            [
              -70.9170563,
              41.6523142
            ],
            [
              -70.9170562,
              41.6523098
            ],
            [
              -70.9170502,
              41.6523099
            ],
            [
              -70.9170501,
              41.6523054
            ],
            [
              -70.9170262,
              41.6523058
            ],
            [
              -70.9170263,
              41.6523103
            ],
            [
              -70.9170203,
              41.6523104
            ],
            [
              -70.9170205,
              41.6523148
            ],
            [
              -70.9170085,
              41.652315
            ],
            [
              -70.9170086,
              41.6523195
            ],
            [
              -70.9170027,
              41.6523196
            ],
            [
              -70.9170029,
              41.6523286
            ],
            [
              -70.9169551,
              41.6523294
            ],
            [
              -70.9169543,
              41.6523025
            ],
            [
              -70.9169483,
              41.6523026
            ],
            [
              -70.916948,
              41.6522936
            ],
            [
              -70.9169182,
              41.6522941
            ],
            [
              -70.9169186,
              41.6523076
            ],
            [
              -70.9169365,
              41.6523073
            ],
            [
              -70.9169376,
              41.6523431
            ],
            [
              -70.9170093,
              41.6523419
            ],
            [
              -70.9170094,
              41.6523464
            ],
            [
              -70.9170274,
              41.6523461
            ],
            [
              -70.9170271,
              41.6523372
            ],
            [
              -70.9170929,
              41.6523361
            ],
            [
              -70.917093,
              41.6523405
            ],
            [
              -70.9171349,
              41.6523398
            ],
            [
              -70.917135,
              41.6523443
            ],
            [
              -70.9171529,
              41.652344
            ],
            [
              -70.9171531,
              41.6523485
            ],
            [
              -70.917171,
              41.6523482
            ]
          ]
        ]
      }
    },
    {
      "type": "Feature",
      "properties": {
        "feature_id": "BUI-035",
        "feature_type": "building_candidate",
        "confidence": 0.677,
        "confidence_band": "medium",
        "evidence": [
          "height_above_ground",
          "low_vegetation_signal"
        ],
        "area_m2": 17.61,
        "risk_type": "possible_access_corridor_conflict",
        "risk_severity": "high",
        "risk_score": 0.82,
        "risk_explanation": "An elevated structure candidate is immediately beside a detected access corridor. Verify the approved road and parcel boundary before treating this as encroachment.",
        "recommended_action": "field_verification",
        "review_status": "field_required",
        "source": "baseline_geospatial_extraction",
        "risk_disclaimer": "Screening indicator from drone evidence; not a legal determination."
      },
      "geometry": {
        "type": "Polygon",
        "coordinates": [
          [
            [
              -70.9173938,
              41.6521965
            ],
            [
              -70.9173933,
              41.6521785
            ],
            [
              -70.9173215,
              41.6521797
            ],
            [
              -70.9173214,
              41.6521752
            ],
            [
              -70.9173154,
              41.6521753
            ],
            [
              -70.9173153,
              41.6521709
            ],
            [
              -70.9172973,
              41.6521712
            ],
            [
              -70.9172981,
              41.6521981
            ],
            [
              -70.9173938,
              41.6521965
            ]
          ]
        ]
      }
    },
    {
      "type": "Feature",
      "properties": {
        "feature_id": "BUI-036",
        "feature_type": "building_candidate",
        "confidence": 0.69,
        "confidence_band": "medium",
        "evidence": [
          "height_above_ground",
          "low_vegetation_signal"
        ],
        "area_m2": 17.61,
        "risk_type": "possible_access_corridor_conflict",
        "risk_severity": "high",
        "risk_score": 0.82,
        "risk_explanation": "An elevated structure candidate is immediately beside a detected access corridor. Verify the approved road and parcel boundary before treating this as encroachment.",
        "recommended_action": "field_verification",
        "review_status": "field_required",
        "source": "baseline_geospatial_extraction",
        "risk_disclaimer": "Screening indicator from drone evidence; not a legal determination."
      },
      "geometry": {
        "type": "Polygon",
        "coordinates": [
          [
            [
              -70.9176421,
              41.6520981
            ],
            [
              -70.9176413,
              41.6520712
            ],
            [
              -70.9176473,
              41.6520711
            ],
            [
              -70.9176472,
              41.6520666
            ],
            [
              -70.9176532,
              41.6520665
            ],
            [
              -70.9176525,
              41.6520441
            ],
            [
              -70.9176465,
              41.6520442
            ],
            [
              -70.9176464,
              41.6520397
            ],
            [
              -70.9176284,
              41.65204
            ],
            [
              -70.9176282,
              41.6520311
            ],
            [
              -70.9176102,
              41.6520314
            ],
            [
              -70.9176106,
              41.6520448
            ],
            [
              -70.9176166,
              41.6520447
            ],
            [
              -70.9176182,
              41.6520985
            ],
            [
              -70.9176421,
              41.6520981
            ]
          ]
        ]
      }
    },
    {
      "type": "Feature",
      "properties": {
        "feature_id": "BUI-037",
        "feature_type": "building_candidate",
        "confidence": 0.671,
        "confidence_band": "medium",
        "evidence": [
          "height_above_ground",
          "low_vegetation_signal"
        ],
        "area_m2": 104.2,
        "risk_type": "possible_access_corridor_conflict",
        "risk_severity": "high",
        "risk_score": 0.82,
        "risk_explanation": "An elevated structure candidate is immediately beside a detected access corridor. Verify the approved road and parcel boundary before treating this as encroachment.",
        "recommended_action": "field_verification",
        "review_status": "field_required",
        "source": "baseline_geospatial_extraction",
        "risk_disclaimer": "Screening indicator from drone evidence; not a legal determination."
      },
      "geometry": {
        "type": "Polygon",
        "coordinates": [
          [
            [
              -70.9170041,
              41.6521671
            ],
            [
              -70.9170037,
              41.6521536
            ],
            [
              -70.9170097,
              41.6521535
            ],
            [
              -70.9170086,
              41.6521177
            ],
            [
              -70.9169907,
              41.652118
            ],
            [
              -70.9169898,
              41.6520866
            ],
            [
              -70.9169957,
              41.6520865
            ],
            [
              -70.9169951,
              41.6520641
            ],
            [
              -70.9169771,
              41.6520644
            ],
            [
              -70.916977,
              41.6520599
            ],
            [
              -70.9169411,
              41.6520605
            ],
            [
              -70.9169415,
              41.6520739
            ],
            [
              -70.9169356,
              41.652074
            ],
            [
              -70.9169357,
              41.6520785
            ],
            [
              -70.9168938,
              41.6520792
            ],
            [
              -70.9168934,
              41.6520658
            ],
            [
              -70.9168875,
              41.6520659
            ],
            [
              -70.9168872,
              41.6520569
            ],
            [
              -70.9168812,
              41.652057
            ],
            [
              -70.9168811,
              41.6520525
            ],
            [
              -70.9168751,
              41.6520526
            ],
            [
              -70.9168748,
              41.6520436
            ],
            [
              -70.9168629,
              41.6520438
            ],
            [
              -70.9168623,
              41.6520259
            ],
            [
              -70.9168384,
              41.6520263
            ],
            [
              -70.9168392,
              41.6520532
            ],
            [
              -70.9168512,
              41.652053
            ],
            [
              -70.9168521,
              41.6520844
            ],
            [
              -70.9168461,
              41.6520845
            ],
            [
              -70.9168465,
              41.6520979
            ],
            [
              -70.9168824,
              41.6520973
            ],
            [
              -70.9168825,
              41.6521018
            ],
            [
              -70.9169244,
              41.6521011
            ],
            [
              -70.9169255,
              41.652137
            ],
            [
              -70.9169135,
              41.6521372
            ],
            [
              -70.9169142,
              41.6521596
            ],
            [
              -70.9169201,
              41.6521595
            ],
            [
              -70.9169203,
              41.652164
            ],
            [
              -70.9169322,
              41.6521638
            ],
            [
              -70.9169324,
              41.6521683
            ],
            [
              -70.9170041,
              41.6521671
            ]
          ]
        ]
      }
    },
    {
      "type": "Feature",
      "properties": {
        "feature_id": "BUI-038",
        "feature_type": "building_candidate",
        "confidence": 0.673,
        "confidence_band": "medium",
        "evidence": [
          "height_above_ground",
          "low_vegetation_signal"
        ],
        "area_m2": 31.26,
        "risk_type": "possible_access_corridor_conflict",
        "risk_severity": "high",
        "risk_score": 0.82,
        "risk_explanation": "An elevated structure candidate is immediately beside a detected access corridor. Verify the approved road and parcel boundary before treating this as encroachment.",
        "recommended_action": "field_verification",
        "review_status": "field_required",
        "source": "baseline_geospatial_extraction",
        "risk_disclaimer": "Screening indicator from drone evidence; not a legal determination."
      },
      "geometry": {
        "type": "Polygon",
        "coordinates": [
          [
            [
              -70.9139404,
              41.6521329
            ],
            [
              -70.91394,
              41.6521195
            ],
            [
              -70.913934,
              41.6521196
            ],
            [
              -70.9139336,
              41.6521061
            ],
            [
              -70.9139276,
              41.6521062
            ],
            [
              -70.9139275,
              41.6521017
            ],
            [
              -70.9138916,
              41.6521023
            ],
            [
              -70.9138906,
              41.6520665
            ],
            [
              -70.9138666,
              41.6520669
            ],
            [
              -70.9138676,
              41.6520983
            ],
            [
              -70.9138616,
              41.6520983
            ],
            [
              -70.9138619,
              41.6521073
            ],
            [
              -70.9138559,
              41.6521074
            ],
            [
              -70.913856,
              41.6521119
            ],
            [
              -70.91385,
              41.652112
            ],
            [
              -70.9138504,
              41.6521255
            ],
            [
              -70.9138624,
              41.6521253
            ],
            [
              -70.9138627,
              41.6521342
            ],
            [
              -70.9139404,
              41.6521329
            ]
          ]
        ]
      }
    },
    {
      "type": "Feature",
      "properties": {
        "feature_id": "BUI-039",
        "feature_type": "building_candidate",
        "confidence": 0.72,
        "confidence_band": "medium",
        "evidence": [
          "height_above_ground",
          "low_vegetation_signal"
        ],
        "area_m2": 5.95,
        "risk_type": "possible_access_corridor_conflict",
        "risk_severity": "high",
        "risk_score": 0.82,
        "risk_explanation": "An elevated structure candidate is immediately beside a detected access corridor. Verify the approved road and parcel boundary before treating this as encroachment.",
        "recommended_action": "field_verification",
        "review_status": "field_required",
        "source": "baseline_geospatial_extraction",
        "risk_disclaimer": "Screening indicator from drone evidence; not a legal determination."
      },
      "geometry": {
        "type": "Polygon",
        "coordinates": [
          [
            [
              -70.9168384,
              41.6520263
            ],
            [
              -70.9168376,
              41.6519994
            ],
            [
              -70.9168197,
              41.6519997
            ],
            [
              -70.9168201,
              41.6520131
            ],
            [
              -70.9168081,
              41.6520133
            ],
            [
              -70.9168085,
              41.6520268
            ],
            [
              -70.9168384,
              41.6520263
            ]
          ]
        ]
      }
    },
    {
      "type": "Feature",
      "properties": {
        "feature_id": "BUI-040",
        "feature_type": "building_candidate",
        "confidence": 0.667,
        "confidence_band": "medium",
        "evidence": [
          "height_above_ground",
          "low_vegetation_signal"
        ],
        "area_m2": 20.34,
        "risk_type": "possible_access_corridor_conflict",
        "risk_severity": "high",
        "risk_score": 0.82,
        "risk_explanation": "An elevated structure candidate is immediately beside a detected access corridor. Verify the approved road and parcel boundary before treating this as encroachment.",
        "recommended_action": "field_verification",
        "review_status": "field_required",
        "source": "baseline_geospatial_extraction",
        "risk_disclaimer": "Screening indicator from drone evidence; not a legal determination."
      },
      "geometry": {
        "type": "Polygon",
        "coordinates": [
          [
            [
              -70.9168912,
              41.6519895
            ],
            [
              -70.9168905,
              41.6519671
            ],
            [
              -70.9168965,
              41.651967
            ],
            [
              -70.916896,
              41.6519491
            ],
            [
              -70.916884,
              41.6519493
            ],
            [
              -70.9168836,
              41.6519358
            ],
            [
              -70.9168657,
              41.6519361
            ],
            [
              -70.9168659,
              41.6519451
            ],
            [
              -70.916848,
              41.6519454
            ],
            [
              -70.9168489,
              41.6519768
            ],
            [
              -70.9168429,
              41.6519769
            ],
            [
              -70.9168433,
              41.6519903
            ],
            [
              -70.9168912,
              41.6519895
            ]
          ]
        ]
      }
    },
    {
      "type": "Feature",
      "properties": {
        "feature_id": "BUI-041",
        "feature_type": "building_candidate",
        "confidence": 0.606,
        "confidence_band": "medium",
        "evidence": [
          "height_above_ground",
          "low_vegetation_signal"
        ],
        "area_m2": 34.24,
        "risk_type": "possible_access_corridor_conflict",
        "risk_severity": "high",
        "risk_score": 0.82,
        "risk_explanation": "An elevated structure candidate is immediately beside a detected access corridor. Verify the approved road and parcel boundary before treating this as encroachment.",
        "recommended_action": "field_verification",
        "review_status": "field_required",
        "source": "baseline_geospatial_extraction",
        "risk_disclaimer": "Screening indicator from drone evidence; not a legal determination."
      },
      "geometry": {
        "type": "Polygon",
        "coordinates": [
          [
            [
              -70.9175126,
              41.6519657
            ],
            [
              -70.9175122,
              41.6519523
            ],
            [
              -70.9175182,
              41.6519522
            ],
            [
              -70.917518,
              41.6519477
            ],
            [
              -70.9175659,
              41.6519469
            ],
            [
              -70.9175657,
              41.6519424
            ],
            [
              -70.9175717,
              41.6519423
            ],
            [
              -70.9175716,
              41.6519378
            ],
            [
              -70.9175776,
              41.6519377
            ],
            [
              -70.9175772,
              41.6519243
            ],
            [
              -70.9175054,
              41.6519255
            ],
            [
              -70.9175053,
              41.651921
            ],
            [
              -70.9174993,
              41.6519211
            ],
            [
              -70.9174992,
              41.6519166
            ],
            [
              -70.9174513,
              41.6519174
            ],
            [
              -70.917452,
              41.6519398
            ],
            [
              -70.917458,
              41.6519397
            ],
            [
              -70.9174581,
              41.6519442
            ],
            [
              -70.9174641,
              41.6519441
            ],
            [
              -70.9174642,
              41.6519486
            ],
            [
              -70.9174762,
              41.6519484
            ],
            [
              -70.9174766,
              41.6519618
            ],
            [
              -70.9174945,
              41.6519615
            ],
            [
              -70.9174946,
              41.651966
            ],
            [
              -70.9175126,
              41.6519657
            ]
          ]
        ]
      }
    },
    {
      "type": "Feature",
      "properties": {
        "feature_id": "BUI-042",
        "feature_type": "building_candidate",
        "confidence": 0.661,
        "confidence_band": "medium",
        "evidence": [
          "height_above_ground",
          "low_vegetation_signal"
        ],
        "area_m2": 40.69,
        "risk_type": "possible_access_corridor_conflict",
        "risk_severity": "high",
        "risk_score": 0.82,
        "risk_explanation": "An elevated structure candidate is immediately beside a detected access corridor. Verify the approved road and parcel boundary before treating this as encroachment.",
        "recommended_action": "field_verification",
        "review_status": "field_required",
        "source": "baseline_geospatial_extraction",
        "risk_disclaimer": "Screening indicator from drone evidence; not a legal determination."
      },
      "geometry": {
        "type": "Polygon",
        "coordinates": [
          [
            [
              -70.916988,
              41.6520283
            ],
            [
              -70.916987,
              41.6519924
            ],
            [
              -70.9170109,
              41.651992
            ],
            [
              -70.9170108,
              41.6519875
            ],
            [
              -70.9170167,
              41.6519874
            ],
            [
              -70.9170165,
              41.6519785
            ],
            [
              -70.9170224,
              41.6519784
            ],
            [
              -70.9170218,
              41.651956
            ],
            [
              -70.9169799,
              41.6519567
            ],
            [
              -70.9169786,
              41.6519118
            ],
            [
              -70.9169547,
              41.6519122
            ],
            [
              -70.9169563,
              41.651966
            ],
            [
              -70.9169623,
              41.6519659
            ],
            [
              -70.9169633,
              41.6520018
            ],
            [
              -70.9169394,
              41.6520022
            ],
            [
              -70.9169399,
              41.6520201
            ],
            [
              -70.9169698,
              41.6520196
            ],
            [
              -70.9169701,
              41.6520286
            ],
            [
              -70.916988,
              41.6520283
            ]
          ]
        ]
      }
    },
    {
      "type": "Feature",
      "properties": {
        "feature_id": "BUI-043",
        "feature_type": "building_candidate",
        "confidence": 0.679,
        "confidence_band": "medium",
        "evidence": [
          "height_above_ground",
          "low_vegetation_signal"
        ],
        "area_m2": 14.14,
        "risk_type": "possible_access_corridor_conflict",
        "risk_severity": "high",
        "risk_score": 0.82,
        "risk_explanation": "An elevated structure candidate is immediately beside a detected access corridor. Verify the approved road and parcel boundary before treating this as encroachment.",
        "recommended_action": "field_verification",
        "review_status": "field_required",
        "source": "baseline_geospatial_extraction",
        "risk_disclaimer": "Screening indicator from drone evidence; not a legal determination."
      },
      "geometry": {
        "type": "Polygon",
        "coordinates": [
          [
            [
              -70.9171942,
              41.6519217
            ],
            [
              -70.9171934,
              41.6518948
            ],
            [
              -70.9172054,
              41.6518946
            ],
            [
              -70.9172046,
              41.6518677
            ],
            [
              -70.9171926,
              41.6518679
            ],
            [
              -70.9171924,
              41.6518589
            ],
            [
              -70.9171744,
              41.6518592
            ],
            [
              -70.9171759,
              41.6519085
            ],
            [
              -70.9171699,
              41.6519086
            ],
            [
              -70.9171703,
              41.6519221
            ],
            [
              -70.9171942,
              41.6519217
            ]
          ]
        ]
      }
    },
    {
      "type": "Feature",
      "properties": {
        "feature_id": "BUI-044",
        "feature_type": "building_candidate",
        "confidence": 0.723,
        "confidence_band": "medium",
        "evidence": [
          "height_above_ground",
          "low_vegetation_signal"
        ],
        "area_m2": 20.1,
        "risk_type": "possible_access_corridor_conflict",
        "risk_severity": "high",
        "risk_score": 0.82,
        "risk_explanation": "An elevated structure candidate is immediately beside a detected access corridor. Verify the approved road and parcel boundary before treating this as encroachment.",
        "recommended_action": "field_verification",
        "review_status": "field_required",
        "source": "baseline_geospatial_extraction",
        "risk_disclaimer": "Screening indicator from drone evidence; not a legal determination."
      },
      "geometry": {
        "type": "Polygon",
        "coordinates": [
          [
            [
              -70.9177907,
              41.6518624
            ],
            [
              -70.9177905,
              41.6518579
            ],
            [
              -70.9177965,
              41.6518578
            ],
            [
              -70.9177964,
              41.6518533
            ],
            [
              -70.9178024,
              41.6518532
            ],
            [
              -70.9178022,
              41.6518487
            ],
            [
              -70.9178082,
              41.6518486
            ],
            [
              -70.9178074,
              41.6518217
            ],
            [
              -70.9178014,
              41.6518218
            ],
            [
              -70.9178013,
              41.6518173
            ],
            [
              -70.9177953,
              41.6518174
            ],
            [
              -70.9177952,
              41.651813
            ],
            [
              -70.9177593,
              41.6518136
            ],
            [
              -70.9177596,
              41.6518225
            ],
            [
              -70.9177536,
              41.6518226
            ],
            [
              -70.9177541,
              41.6518406
            ],
            [
              -70.9177601,
              41.6518405
            ],
            [
              -70.9177606,
              41.6518584
            ],
            [
              -70.9177726,
              41.6518582
            ],
            [
              -70.9177727,
              41.6518627
            ],
            [
              -70.9177907,
              41.6518624
            ]
          ]
        ]
      }
    },
    {
      "type": "Feature",
      "properties": {
        "feature_id": "BUI-045",
        "feature_type": "building_candidate",
        "confidence": 0.747,
        "confidence_band": "medium",
        "evidence": [
          "height_above_ground",
          "low_vegetation_signal"
        ],
        "area_m2": 7.69,
        "risk_type": "possible_access_corridor_conflict",
        "risk_severity": "high",
        "risk_score": 0.82,
        "risk_explanation": "An elevated structure candidate is immediately beside a detected access corridor. Verify the approved road and parcel boundary before treating this as encroachment.",
        "recommended_action": "field_verification",
        "review_status": "field_required",
        "source": "baseline_geospatial_extraction",
        "risk_disclaimer": "Screening indicator from drone evidence; not a legal determination."
      },
      "geometry": {
        "type": "Polygon",
        "coordinates": [
          [
            [
              -70.9175389,
              41.6518442
            ],
            [
              -70.9175388,
              41.6518397
            ],
            [
              -70.9175447,
              41.6518396
            ],
            [
              -70.9175441,
              41.6518172
            ],
            [
              -70.9175202,
              41.6518176
            ],
            [
              -70.9175203,
              41.651822
            ],
            [
              -70.9175143,
              41.6518221
            ],
            [
              -70.9175144,
              41.6518266
            ],
            [
              -70.9175085,
              41.6518267
            ],
            [
              -70.9175089,
              41.6518402
            ],
            [
              -70.9175148,
              41.6518401
            ],
            [
              -70.917515,
              41.6518446
            ],
            [
              -70.9175389,
              41.6518442
            ]
          ]
        ]
      }
    },
    {
      "type": "Feature",
      "properties": {
        "feature_id": "BUI-046",
        "feature_type": "building_candidate",
        "confidence": 0.688,
        "confidence_band": "medium",
        "evidence": [
          "height_above_ground",
          "low_vegetation_signal"
        ],
        "area_m2": 4.71,
        "risk_type": "possible_access_corridor_conflict",
        "risk_severity": "high",
        "risk_score": 0.82,
        "risk_explanation": "An elevated structure candidate is immediately beside a detected access corridor. Verify the approved road and parcel boundary before treating this as encroachment.",
        "recommended_action": "field_verification",
        "review_status": "field_required",
        "source": "baseline_geospatial_extraction",
        "risk_disclaimer": "Screening indicator from drone evidence; not a legal determination."
      },
      "geometry": {
        "type": "Polygon",
        "coordinates": [
          [
            [
              -70.9175922,
              41.6518253
            ],
            [
              -70.9175916,
              41.6518074
            ],
            [
              -70.9175677,
              41.6518078
            ],
            [
              -70.9175678,
              41.6518123
            ],
            [
              -70.9175619,
              41.6518124
            ],
            [
              -70.9175623,
              41.6518258
            ],
            [
              -70.9175922,
              41.6518253
            ]
          ]
        ]
      }
    },
    {
      "type": "Feature",
      "properties": {
        "feature_id": "BUI-047",
        "feature_type": "building_candidate",
        "confidence": 0.712,
        "confidence_band": "medium",
        "evidence": [
          "height_above_ground",
          "low_vegetation_signal"
        ],
        "area_m2": 5.46,
        "risk_type": "possible_access_corridor_conflict",
        "risk_severity": "high",
        "risk_score": 0.82,
        "risk_explanation": "An elevated structure candidate is immediately beside a detected access corridor. Verify the approved road and parcel boundary before treating this as encroachment.",
        "recommended_action": "field_verification",
        "review_status": "field_required",
        "source": "baseline_geospatial_extraction",
        "risk_disclaimer": "Screening indicator from drone evidence; not a legal determination."
      },
      "geometry": {
        "type": "Polygon",
        "coordinates": [
          [
            [
              -70.9172932,
              41.6518303
            ],
            [
              -70.9172931,
              41.6518258
            ],
            [
              -70.9172991,
              41.6518257
            ],
            [
              -70.9172989,
              41.6518212
            ],
            [
              -70.9173049,
              41.6518211
            ],
            [
              -70.9173045,
              41.6518077
            ],
            [
              -70.9172866,
              41.651808
            ],
            [
              -70.9172867,
              41.6518125
            ],
            [
              -70.9172807,
              41.6518126
            ],
            [
              -70.9172809,
              41.6518171
            ],
            [
              -70.9172689,
              41.6518173
            ],
            [
              -70.9172693,
              41.6518307
            ],
            [
              -70.9172932,
              41.6518303
            ]
          ]
        ]
      }
    },
    {
      "type": "Feature",
      "properties": {
        "feature_id": "BUI-048",
        "feature_type": "building_candidate",
        "confidence": 0.645,
        "confidence_band": "medium",
        "evidence": [
          "height_above_ground",
          "low_vegetation_signal"
        ],
        "area_m2": 308.38,
        "risk_type": "possible_access_corridor_conflict",
        "risk_severity": "high",
        "risk_score": 0.82,
        "risk_explanation": "An elevated structure candidate is immediately beside a detected access corridor. Verify the approved road and parcel boundary before treating this as encroachment.",
        "recommended_action": "field_verification",
        "review_status": "field_required",
        "source": "baseline_geospatial_extraction",
        "risk_disclaimer": "Screening indicator from drone evidence; not a legal determination."
      },
      "geometry": {
        "type": "Polygon",
        "coordinates": [
          [
            [
              -70.917422,
              41.6521377
            ],
            [
              -70.9174217,
              41.6521287
            ],
            [
              -70.9174277,
              41.6521286
            ],
            [
              -70.9174276,
              41.6521241
            ],
            [
              -70.9174335,
              41.652124
            ],
            [
              -70.9174334,
              41.6521195
            ],
            [
              -70.9174693,
              41.6521189
            ],
            [
              -70.9174691,
              41.6521145
            ],
            [
              -70.9174871,
              41.6521142
            ],
            [
              -70.9174867,
              41.6521007
            ],
            [
              -70.9174807,
              41.6521008
            ],
            [
              -70.9174798,
              41.6520694
            ],
            [
              -70.9174738,
              41.6520695
            ],
            [
              -70.9174737,
              41.652065
            ],
            [
              -70.9174677,
              41.6520651
            ],
            [
              -70.9174675,
              41.6520607
            ],
            [
              -70.9174496,
              41.652061
            ],
            [
              -70.9174485,
              41.6520251
            ],
            [
              -70.9174665,
              41.6520248
            ],
            [
              -70.9174659,
              41.6520069
            ],
            [
              -70.9174779,
              41.6520067
            ],
            [
              -70.9174775,
              41.6519932
            ],
            [
              -70.9174416,
              41.6519938
            ],
            [
              -70.9174414,
              41.6519848
            ],
            [
              -70.9174354,
              41.6519849
            ],
            [
              -70.9174353,
              41.6519805
            ],
            [
              -70.9174233,
              41.6519807
            ],
            [
              -70.9174232,
              41.6519762
            ],
            [
              -70.9174112,
              41.6519764
            ],
            [
              -70.9174095,
              41.6519181
            ],
            [
              -70.9174513,
              41.6519174
            ],
            [
              -70.9174504,
              41.651886
            ],
            [
              -70.9174444,
              41.6518861
            ],
            [
              -70.9174443,
              41.6518816
            ],
            [
              -70.9174383,
              41.6518817
            ],
            [
              -70.917438,
              41.6518728
            ],
            [
              -70.9174201,
              41.6518731
            ],
            [
              -70.91742,
              41.6518686
            ],
            [
              -70.917414,
              41.6518687
            ],
            [
              -70.9174137,
              41.6518597
            ],
            [
              -70.9174077,
              41.6518598
            ],
            [
              -70.917406,
              41.6518015
            ],
            [
              -70.9173642,
              41.6518022
            ],
            [
              -70.9173655,
              41.651847
            ],
            [
              -70.9173416,
              41.6518474
            ],
            [
              -70.9173418,
              41.6518564
            ],
            [
              -70.9173359,
              41.6518565
            ],
            [
              -70.917336,
              41.651861
            ],
            [
              -70.91733,
              41.6518611
            ],
            [
              -70.9173302,
              41.6518656
            ],
            [
              -70.9173242,
              41.6518657
            ],
            [
              -70.9173243,
              41.6518702
            ],
            [
              -70.9173183,
              41.6518703
            ],
            [
              -70.9173185,
              41.6518747
            ],
            [
              -70.9173125,
              41.6518748
            ],
            [
              -70.9173126,
              41.6518793
            ],
            [
              -70.9173007,
              41.6518795
            ],
            [
              -70.9173017,
              41.6519154
            ],
            [
              -70.9172539,
              41.6519162
            ],
            [
              -70.9172543,
              41.6519296
            ],
            [
              -70.9172603,
              41.6519295
            ],
            [
              -70.9172607,
              41.651943
            ],
            [
              -70.9172666,
              41.6519429
            ],
            [
              -70.9172676,
              41.6519743
            ],
            [
              -70.9172437,
              41.6519747
            ],
            [
              -70.9172443,
              41.6519971
            ],
            [
              -70.9173041,
              41.6519961
            ],
            [
              -70.9173049,
              41.652023
            ],
            [
              -70.9173647,
              41.652022
            ],
            [
              -70.9173658,
              41.6520579
            ],
            [
              -70.9174136,
              41.6520571
            ],
            [
              -70.9174153,
              41.6521154
            ],
            [
              -70.9174034,
              41.6521156
            ],
            [
              -70.917404,
              41.652138
            ],
            [
              -70.917422,
              41.6521377
            ]
          ],
          [
            [
              -70.9173737,
              41.6519232
            ],
            [
              -70.9173319,
              41.6519239
            ],
            [
              -70.9173308,
              41.651888
            ],
            [
              -70.9173727,
              41.6518873
            ],
            [
              -70.9173737,
              41.6519232
            ]
          ]
        ]
      }
    },
    {
      "type": "Feature",
      "properties": {
        "feature_id": "BUI-049",
        "feature_type": "building_candidate",
        "confidence": 0.665,
        "confidence_band": "medium",
        "evidence": [
          "height_above_ground",
          "low_vegetation_signal"
        ],
        "area_m2": 66.98,
        "risk_type": "possible_access_corridor_conflict",
        "risk_severity": "high",
        "risk_score": 0.82,
        "risk_explanation": "An elevated structure candidate is immediately beside a detected access corridor. Verify the approved road and parcel boundary before treating this as encroachment.",
        "recommended_action": "field_verification",
        "review_status": "field_required",
        "source": "baseline_geospatial_extraction",
        "risk_disclaimer": "Screening indicator from drone evidence; not a legal determination."
      },
      "geometry": {
        "type": "Polygon",
        "coordinates": [
          [
            [
              -70.9169653,
              41.6518672
            ],
            [
              -70.9169652,
              41.6518627
            ],
            [
              -70.9169891,
              41.6518623
            ],
            [
              -70.9169882,
              41.6518309
            ],
            [
              -70.9170181,
              41.6518304
            ],
            [
              -70.9170175,
              41.6518125
            ],
            [
              -70.9171012,
              41.6518111
            ],
            [
              -70.9171008,
              41.6517976
            ],
            [
              -70.9170889,
              41.6517978
            ],
            [
              -70.9170885,
              41.6517844
            ],
            [
              -70.9170825,
              41.6517845
            ],
            [
              -70.9170824,
              41.65178
            ],
            [
              -70.9170465,
              41.6517806
            ],
            [
              -70.9170469,
              41.6517941
            ],
            [
              -70.9169871,
              41.651795
            ],
            [
              -70.9169874,
              41.651804
            ],
            [
              -70.9169216,
              41.6518051
            ],
            [
              -70.9169219,
              41.6518141
            ],
            [
              -70.9169159,
              41.6518142
            ],
            [
              -70.9169168,
              41.6518456
            ],
            [
              -70.9169108,
              41.6518457
            ],
            [
              -70.9169112,
              41.6518591
            ],
            [
              -70.9169411,
              41.6518586
            ],
            [
              -70.9169413,
              41.6518631
            ],
            [
              -70.9169472,
              41.651863
            ],
            [
              -70.9169474,
              41.6518675
            ],
            [
              -70.9169653,
              41.6518672
            ]
          ]
        ]
      }
    },
    {
      "type": "Feature",
      "properties": {
        "feature_id": "BUI-050",
        "feature_type": "building_candidate",
        "confidence": 0.626,
        "confidence_band": "medium",
        "evidence": [
          "height_above_ground",
          "low_vegetation_signal"
        ],
        "area_m2": 19.35,
        "risk_type": "possible_access_corridor_conflict",
        "risk_severity": "high",
        "risk_score": 0.82,
        "risk_explanation": "An elevated structure candidate is immediately beside a detected access corridor. Verify the approved road and parcel boundary before treating this as encroachment.",
        "recommended_action": "field_verification",
        "review_status": "field_required",
        "source": "baseline_geospatial_extraction",
        "risk_disclaimer": "Screening indicator from drone evidence; not a legal determination."
      },
      "geometry": {
        "type": "Polygon",
        "coordinates": [
          [
            [
              -70.917945,
              41.6516221
            ],
            [
              -70.9179449,
              41.6516176
            ],
            [
              -70.9179569,
              41.6516174
            ],
            [
              -70.9179567,
              41.6516129
            ],
            [
              -70.9179627,
              41.6516128
            ],
            [
              -70.9179626,
              41.6516083
            ],
            [
              -70.9179686,
              41.6516082
            ],
            [
              -70.9179678,
              41.6515813
            ],
            [
              -70.917914,
              41.6515822
            ],
            [
              -70.9179142,
              41.6515912
            ],
            [
              -70.9179082,
              41.6515913
            ],
            [
              -70.9179089,
              41.6516137
            ],
            [
              -70.9179149,
              41.6516136
            ],
            [
              -70.917915,
              41.6516181
            ],
            [
              -70.917921,
              41.651618
            ],
            [
              -70.9179211,
              41.6516225
            ],
            [
              -70.917945,
              41.6516221
            ]
          ]
        ]
      }
    },
    {
      "type": "Feature",
      "properties": {
        "feature_id": "BUI-051",
        "feature_type": "building_candidate",
        "confidence": 0.74,
        "confidence_band": "medium",
        "evidence": [
          "height_above_ground",
          "low_vegetation_signal"
        ],
        "area_m2": 46.64,
        "risk_type": "possible_access_corridor_conflict",
        "risk_severity": "high",
        "risk_score": 0.82,
        "risk_explanation": "An elevated structure candidate is immediately beside a detected access corridor. Verify the approved road and parcel boundary before treating this as encroachment.",
        "recommended_action": "field_verification",
        "review_status": "field_required",
        "source": "baseline_geospatial_extraction",
        "risk_disclaimer": "Screening indicator from drone evidence; not a legal determination."
      },
      "geometry": {
        "type": "Polygon",
        "coordinates": [
          [
            [
              -70.9177914,
              41.6514856
            ],
            [
              -70.9177912,
              41.6514766
            ],
            [
              -70.9178031,
              41.6514764
            ],
            [
              -70.9178018,
              41.6514316
            ],
            [
              -70.9177958,
              41.6514317
            ],
            [
              -70.9177957,
              41.6514272
            ],
            [
              -70.9177897,
              41.6514273
            ],
            [
              -70.9177896,
              41.6514228
            ],
            [
              -70.9177836,
              41.6514229
            ],
            [
              -70.9177831,
              41.651405
            ],
            [
              -70.9177771,
              41.6514051
            ],
            [
              -70.917777,
              41.6514006
            ],
            [
              -70.917771,
              41.6514007
            ],
            [
              -70.9177706,
              41.6513872
            ],
            [
              -70.9177467,
              41.6513876
            ],
            [
              -70.9177465,
              41.6513831
            ],
            [
              -70.9177226,
              41.6513835
            ],
            [
              -70.917723,
              41.651397
            ],
            [
              -70.917729,
              41.6513969
            ],
            [
              -70.9177302,
              41.6514372
            ],
            [
              -70.9177362,
              41.6514371
            ],
            [
              -70.9177364,
              41.6514461
            ],
            [
              -70.9177424,
              41.651446
            ],
            [
              -70.9177426,
              41.6514505
            ],
            [
              -70.9177485,
              41.6514504
            ],
            [
              -70.9177487,
              41.6514549
            ],
            [
              -70.9177546,
              41.6514548
            ],
            [
              -70.9177549,
              41.6514637
            ],
            [
              -70.9177609,
              41.6514636
            ],
            [
              -70.917761,
              41.6514681
            ],
            [
              -70.917767,
              41.651468
            ],
            [
              -70.9177675,
              41.651486
            ],
            [
              -70.9177914,
              41.6514856
            ]
          ]
        ]
      }
    },
    {
      "type": "Feature",
      "properties": {
        "feature_id": "BUI-052",
        "feature_type": "building_candidate",
        "confidence": 0.714,
        "confidence_band": "medium",
        "evidence": [
          "height_above_ground",
          "low_vegetation_signal"
        ],
        "area_m2": 89.81,
        "risk_type": "possible_access_corridor_conflict",
        "risk_severity": "high",
        "risk_score": 0.82,
        "risk_explanation": "An elevated structure candidate is immediately beside a detected access corridor. Verify the approved road and parcel boundary before treating this as encroachment.",
        "recommended_action": "field_verification",
        "review_status": "field_required",
        "source": "baseline_geospatial_extraction",
        "risk_disclaimer": "Screening indicator from drone evidence; not a legal determination."
      },
      "geometry": {
        "type": "Polygon",
        "coordinates": [
          [
            [
              -70.9178281,
              41.65131
            ],
            [
              -70.917828,
              41.6513055
            ],
            [
              -70.917834,
              41.6513054
            ],
            [
              -70.9178338,
              41.6513009
            ],
            [
              -70.9178757,
              41.6513002
            ],
            [
              -70.9178755,
              41.6512958
            ],
            [
              -70.9179174,
              41.6512951
            ],
            [
              -70.9179173,
              41.6512906
            ],
            [
              -70.9179232,
              41.6512905
            ],
            [
              -70.9179231,
              41.651286
            ],
            [
              -70.9179351,
              41.6512858
            ],
            [
              -70.9179349,
              41.6512813
            ],
            [
              -70.9179529,
              41.651281
            ],
            [
              -70.9179527,
              41.6512765
            ],
            [
              -70.9179587,
              41.6512764
            ],
            [
              -70.9179578,
              41.651245
            ],
            [
              -70.9179518,
              41.6512451
            ],
            [
              -70.917951,
              41.6512182
            ],
            [
              -70.9179331,
              41.6512185
            ],
            [
              -70.9179328,
              41.6512096
            ],
            [
              -70.9179149,
              41.6512099
            ],
            [
              -70.917915,
              41.6512144
            ],
            [
              -70.917909,
              41.6512145
            ],
            [
              -70.9179092,
              41.6512189
            ],
            [
              -70.9178852,
              41.6512193
            ],
            [
              -70.9178859,
              41.6512418
            ],
            [
              -70.917856,
              41.6512423
            ],
            [
              -70.9178561,
              41.6512467
            ],
            [
              -70.9178023,
              41.6512476
            ],
            [
              -70.9178035,
              41.651288
            ],
            [
              -70.9178095,
              41.6512879
            ],
            [
              -70.9178102,
              41.6513103
            ],
            [
              -70.9178281,
              41.65131
            ]
          ]
        ]
      }
    },
    {
      "type": "Feature",
      "properties": {
        "feature_id": "BUI-053",
        "feature_type": "building_candidate",
        "confidence": 0.661,
        "confidence_band": "medium",
        "evidence": [
          "height_above_ground",
          "low_vegetation_signal"
        ],
        "area_m2": 39.2,
        "risk_type": "possible_access_corridor_conflict",
        "risk_severity": "high",
        "risk_score": 0.82,
        "risk_explanation": "An elevated structure candidate is immediately beside a detected access corridor. Verify the approved road and parcel boundary before treating this as encroachment.",
        "recommended_action": "field_verification",
        "review_status": "field_required",
        "source": "baseline_geospatial_extraction",
        "risk_disclaimer": "Screening indicator from drone evidence; not a legal determination."
      },
      "geometry": {
        "type": "Polygon",
        "coordinates": [
          [
            [
              -70.9177016,
              41.6512807
            ],
            [
              -70.9177011,
              41.6512628
            ],
            [
              -70.917719,
              41.6512625
            ],
            [
              -70.9177178,
              41.6512221
            ],
            [
              -70.9177716,
              41.6512212
            ],
            [
              -70.9177712,
              41.6512078
            ],
            [
              -70.9176517,
              41.6512098
            ],
            [
              -70.9176522,
              41.6512277
            ],
            [
              -70.9176462,
              41.6512278
            ],
            [
              -70.9176466,
              41.6512413
            ],
            [
              -70.9176765,
              41.6512408
            ],
            [
              -70.9176777,
              41.6512811
            ],
            [
              -70.9177016,
              41.6512807
            ]
          ]
        ]
      }
    },
    {
      "type": "Feature",
      "properties": {
        "feature_id": "BUI-054",
        "feature_type": "building_candidate",
        "confidence": 0.753,
        "confidence_band": "medium",
        "evidence": [
          "height_above_ground",
          "low_vegetation_signal"
        ],
        "area_m2": 15.63,
        "risk_type": "possible_access_corridor_conflict",
        "risk_severity": "high",
        "risk_score": 0.82,
        "risk_explanation": "An elevated structure candidate is immediately beside a detected access corridor. Verify the approved road and parcel boundary before treating this as encroachment.",
        "recommended_action": "field_verification",
        "review_status": "field_required",
        "source": "baseline_geospatial_extraction",
        "risk_disclaimer": "Screening indicator from drone evidence; not a legal determination."
      },
      "geometry": {
        "type": "Polygon",
        "coordinates": [
          [
            [
              -70.9142803,
              41.6512884
            ],
            [
              -70.9142801,
              41.6512839
            ],
            [
              -70.9142861,
              41.6512838
            ],
            [
              -70.914286,
              41.6512794
            ],
            [
              -70.9142979,
              41.6512792
            ],
            [
              -70.9142971,
              41.6512523
            ],
            [
              -70.9142613,
              41.6512529
            ],
            [
              -70.9142614,
              41.6512573
            ],
            [
              -70.9142494,
              41.6512575
            ],
            [
              -70.9142496,
              41.651262
            ],
            [
              -70.9142436,
              41.6512621
            ],
            [
              -70.9142437,
              41.6512666
            ],
            [
              -70.9142377,
              41.6512667
            ],
            [
              -70.9142381,
              41.6512802
            ],
            [
              -70.9142501,
              41.65128
            ],
            [
              -70.9142502,
              41.6512844
            ],
            [
              -70.9142562,
              41.6512843
            ],
            [
              -70.9142563,
              41.6512888
            ],
            [
              -70.9142803,
              41.6512884
            ]
          ]
        ]
      }
    },
    {
      "type": "Feature",
      "properties": {
        "feature_id": "BUI-055",
        "feature_type": "building_candidate",
        "confidence": 0.699,
        "confidence_band": "medium",
        "evidence": [
          "height_above_ground",
          "low_vegetation_signal"
        ],
        "area_m2": 7.94,
        "risk_type": "possible_access_corridor_conflict",
        "risk_severity": "high",
        "risk_score": 0.82,
        "risk_explanation": "An elevated structure candidate is immediately beside a detected access corridor. Verify the approved road and parcel boundary before treating this as encroachment.",
        "recommended_action": "field_verification",
        "review_status": "field_required",
        "source": "baseline_geospatial_extraction",
        "risk_disclaimer": "Screening indicator from drone evidence; not a legal determination."
      },
      "geometry": {
        "type": "Polygon",
        "coordinates": [
          [
            [
              -70.9176041,
              41.6512196
            ],
            [
              -70.9176033,
              41.6511927
            ],
            [
              -70.9175674,
              41.6511932
            ],
            [
              -70.9175678,
              41.6512067
            ],
            [
              -70.9175738,
              41.6512066
            ],
            [
              -70.9175741,
              41.6512156
            ],
            [
              -70.9175801,
              41.6512155
            ],
            [
              -70.9175802,
              41.65122
            ],
            [
              -70.9176041,
              41.6512196
            ]
          ]
        ]
      }
    },
    {
      "type": "Feature",
      "properties": {
        "feature_id": "BUI-056",
        "feature_type": "building_candidate",
        "confidence": 0.705,
        "confidence_band": "medium",
        "evidence": [
          "height_above_ground",
          "low_vegetation_signal"
        ],
        "area_m2": 16.37,
        "risk_type": "possible_access_corridor_conflict",
        "risk_severity": "high",
        "risk_score": 0.82,
        "risk_explanation": "An elevated structure candidate is immediately beside a detected access corridor. Verify the approved road and parcel boundary before treating this as encroachment.",
        "recommended_action": "field_verification",
        "review_status": "field_required",
        "source": "baseline_geospatial_extraction",
        "risk_disclaimer": "Screening indicator from drone evidence; not a legal determination."
      },
      "geometry": {
        "type": "Polygon",
        "coordinates": [
          [
            [
              -70.917807,
              41.6512027
            ],
            [
              -70.9178058,
              41.6511624
            ],
            [
              -70.9177938,
              41.6511626
            ],
            [
              -70.9177937,
              41.6511581
            ],
            [
              -70.9177758,
              41.6511584
            ],
            [
              -70.9177763,
              41.6511763
            ],
            [
              -70.9177584,
              41.6511766
            ],
            [
              -70.9177592,
              41.6512035
            ],
            [
              -70.917807,
              41.6512027
            ]
          ]
        ]
      }
    },
    {
      "type": "Feature",
      "properties": {
        "feature_id": "BUI-057",
        "feature_type": "building_candidate",
        "confidence": 0.666,
        "confidence_band": "medium",
        "evidence": [
          "height_above_ground",
          "low_vegetation_signal"
        ],
        "area_m2": 77.9,
        "risk_type": "possible_access_corridor_conflict",
        "risk_severity": "high",
        "risk_score": 0.82,
        "risk_explanation": "An elevated structure candidate is immediately beside a detected access corridor. Verify the approved road and parcel boundary before treating this as encroachment.",
        "recommended_action": "field_verification",
        "review_status": "field_required",
        "source": "baseline_geospatial_extraction",
        "risk_disclaimer": "Screening indicator from drone evidence; not a legal determination."
      },
      "geometry": {
        "type": "Polygon",
        "coordinates": [
          [
            [
              -70.9174788,
              41.6512306
            ],
            [
              -70.9174787,
              41.6512261
            ],
            [
              -70.9175205,
              41.6512254
            ],
            [
              -70.9175197,
              41.6511985
            ],
            [
              -70.9175138,
              41.6511986
            ],
            [
              -70.917513,
              41.6511717
            ],
            [
              -70.917507,
              41.6511718
            ],
            [
              -70.9175068,
              41.6511673
            ],
            [
              -70.9174949,
              41.6511675
            ],
            [
              -70.9174945,
              41.6511541
            ],
            [
              -70.9174526,
              41.6511548
            ],
            [
              -70.9174524,
              41.6511458
            ],
            [
              -70.9174404,
              41.651146
            ],
            [
              -70.9174403,
              41.6511415
            ],
            [
              -70.9174164,
              41.6511419
            ],
            [
              -70.9174162,
              41.6511375
            ],
            [
              -70.9173983,
              41.6511378
            ],
            [
              -70.9173988,
              41.6511557
            ],
            [
              -70.9173749,
              41.6511561
            ],
            [
              -70.9173765,
              41.6512099
            ],
            [
              -70.9173944,
              41.6512096
            ],
            [
              -70.917394,
              41.6511961
            ],
            [
              -70.9174538,
              41.6511951
            ],
            [
              -70.9174549,
              41.651231
            ],
            [
              -70.9174788,
              41.6512306
            ]
          ]
        ]
      }
    },
    {
      "type": "Feature",
      "properties": {
        "feature_id": "BUI-058",
        "feature_type": "building_candidate",
        "confidence": 0.749,
        "confidence_band": "medium",
        "evidence": [
          "height_above_ground",
          "low_vegetation_signal"
        ],
        "area_m2": 5.71,
        "risk_type": "possible_access_corridor_conflict",
        "risk_severity": "high",
        "risk_score": 0.82,
        "risk_explanation": "An elevated structure candidate is immediately beside a detected access corridor. Verify the approved road and parcel boundary before treating this as encroachment.",
        "recommended_action": "field_verification",
        "review_status": "field_required",
        "source": "baseline_geospatial_extraction",
        "risk_disclaimer": "Screening indicator from drone evidence; not a legal determination."
      },
      "geometry": {
        "type": "Polygon",
        "coordinates": [
          [
            [
              -70.9175781,
              41.6511482
            ],
            [
              -70.9175773,
              41.6511213
            ],
            [
              -70.9175533,
              41.6511217
            ],
            [
              -70.917554,
              41.6511441
            ],
            [
              -70.91756,
              41.651144
            ],
            [
              -70.9175601,
              41.6511485
            ],
            [
              -70.9175781,
              41.6511482
            ]
          ]
        ]
      }
    },
    {
      "type": "Feature",
      "properties": {
        "feature_id": "BUI-059",
        "feature_type": "building_candidate",
        "confidence": 0.625,
        "confidence_band": "medium",
        "evidence": [
          "height_above_ground",
          "low_vegetation_signal"
        ],
        "area_m2": 7.94,
        "risk_type": "possible_access_corridor_conflict",
        "risk_severity": "high",
        "risk_score": 0.82,
        "risk_explanation": "An elevated structure candidate is immediately beside a detected access corridor. Verify the approved road and parcel boundary before treating this as encroachment.",
        "recommended_action": "field_verification",
        "review_status": "field_required",
        "source": "baseline_geospatial_extraction",
        "risk_disclaimer": "Screening indicator from drone evidence; not a legal determination."
      },
      "geometry": {
        "type": "Polygon",
        "coordinates": [
          [
            [
              -70.9149171,
              41.6511791
            ],
            [
              -70.9149169,
              41.6511747
            ],
            [
              -70.9149229,
              41.6511746
            ],
            [
              -70.9149228,
              41.6511701
            ],
            [
              -70.9149288,
              41.65117
            ],
            [
              -70.9149281,
              41.6511476
            ],
            [
              -70.9148982,
              41.651148
            ],
            [
              -70.9148991,
              41.6511794
            ],
            [
              -70.9149171,
              41.6511791
            ]
          ]
        ]
      }
    },
    {
      "type": "Feature",
      "properties": {
        "feature_id": "BUI-060",
        "feature_type": "building_candidate",
        "confidence": 0.699,
        "confidence_band": "medium",
        "evidence": [
          "height_above_ground",
          "low_vegetation_signal"
        ],
        "area_m2": 197.98,
        "risk_type": "possible_access_corridor_conflict",
        "risk_severity": "high",
        "risk_score": 0.82,
        "risk_explanation": "An elevated structure candidate is immediately beside a detected access corridor. Verify the approved road and parcel boundary before treating this as encroachment.",
        "recommended_action": "field_verification",
        "review_status": "field_required",
        "source": "baseline_geospatial_extraction",
        "risk_disclaimer": "Screening indicator from drone evidence; not a legal determination."
      },
      "geometry": {
        "type": "Polygon",
        "coordinates": [
          [
            [
              -70.9171967,
              41.6511994
            ],
            [
              -70.9171965,
              41.6511905
            ],
            [
              -70.9172383,
              41.6511898
            ],
            [
              -70.9172378,
              41.6511718
            ],
            [
              -70.9172498,
              41.6511716
            ],
            [
              -70.9172494,
              41.6511582
            ],
            [
              -70.9172195,
              41.6511587
            ],
            [
              -70.9172191,
              41.6511452
            ],
            [
              -70.9172131,
              41.6511453
            ],
            [
              -70.9172124,
              41.6511229
            ],
            [
              -70.9171466,
              41.651124
            ],
            [
              -70.9171465,
              41.6511195
            ],
            [
              -70.9171405,
              41.6511196
            ],
            [
              -70.9171404,
              41.6511151
            ],
            [
              -70.9171225,
              41.6511154
            ],
            [
              -70.9171213,
              41.6510751
            ],
            [
              -70.9171093,
              41.6510753
            ],
            [
              -70.9171081,
              41.6510349
            ],
            [
              -70.9171021,
              41.651035
            ],
            [
              -70.917102,
              41.6510306
            ],
            [
              -70.9170781,
              41.651031
            ],
            [
              -70.9170788,
              41.6510534
            ],
            [
              -70.9170249,
              41.6510543
            ],
            [
              -70.9170251,
              41.6510588
            ],
            [
              -70.9170131,
              41.651059
            ],
            [
              -70.9170133,
              41.6510634
            ],
            [
              -70.9170013,
              41.6510636
            ],
            [
              -70.9170014,
              41.6510681
            ],
            [
              -70.9169835,
              41.6510684
            ],
            [
              -70.9169836,
              41.6510729
            ],
            [
              -70.9169776,
              41.651073
            ],
            [
              -70.9169783,
              41.6510954
            ],
            [
              -70.9169424,
              41.651096
            ],
            [
              -70.9169428,
              41.6511095
            ],
            [
              -70.9169668,
              41.6511091
            ],
            [
              -70.9169673,
              41.651127
            ],
            [
              -70.9169733,
              41.6511269
            ],
            [
              -70.9169734,
              41.6511314
            ],
            [
              -70.9169854,
              41.6511312
            ],
            [
              -70.9169856,
              41.6511402
            ],
            [
              -70.9169916,
              41.6511401
            ],
            [
              -70.9169917,
              41.6511445
            ],
            [
              -70.9170037,
              41.6511443
            ],
            [
              -70.9170038,
              41.6511488
            ],
            [
              -70.9170098,
              41.6511487
            ],
            [
              -70.9170099,
              41.6511532
            ],
            [
              -70.9170159,
              41.6511531
            ],
            [
              -70.917016,
              41.6511576
            ],
            [
              -70.917022,
              41.6511575
            ],
            [
              -70.9170222,
              41.651162
            ],
            [
              -70.9170281,
              41.6511619
            ],
            [
              -70.9170283,
              41.6511664
            ],
            [
              -70.9170342,
              41.6511663
            ],
            [
              -70.9170344,
              41.6511707
            ],
            [
              -70.9170762,
              41.65117
            ],
            [
              -70.9170758,
              41.6511566
            ],
            [
              -70.9171057,
              41.6511561
            ],
            [
              -70.9171055,
              41.6511471
            ],
            [
              -70.9171533,
              41.6511463
            ],
            [
              -70.9171546,
              41.6511912
            ],
            [
              -70.9171785,
              41.6511908
            ],
            [
              -70.9171788,
              41.6511997
            ],
            [
              -70.9171967,
              41.6511994
            ]
          ]
        ]
      }
    },
    {
      "type": "Feature",
      "properties": {
        "feature_id": "BUI-061",
        "feature_type": "building_candidate",
        "confidence": 0.742,
        "confidence_band": "medium",
        "evidence": [
          "height_above_ground",
          "low_vegetation_signal"
        ],
        "area_m2": 5.21,
        "risk_type": "possible_access_corridor_conflict",
        "risk_severity": "high",
        "risk_score": 0.82,
        "risk_explanation": "An elevated structure candidate is immediately beside a detected access corridor. Verify the approved road and parcel boundary before treating this as encroachment.",
        "recommended_action": "field_verification",
        "review_status": "field_required",
        "source": "baseline_geospatial_extraction",
        "risk_disclaimer": "Screening indicator from drone evidence; not a legal determination."
      },
      "geometry": {
        "type": "Polygon",
        "coordinates": [
          [
            [
              -70.9168391,
              41.6510394
            ],
            [
              -70.9168389,
              41.6510349
            ],
            [
              -70.9168449,
              41.6510348
            ],
            [
              -70.9168445,
              41.6510214
            ],
            [
              -70.9168086,
              41.651022
            ],
            [
              -70.916809,
              41.6510354
            ],
            [
              -70.916821,
              41.6510352
            ],
            [
              -70.9168211,
              41.6510397
            ],
            [
              -70.9168391,
              41.6510394
            ]
          ]
        ]
      }
    },
    {
      "type": "Feature",
      "properties": {
        "feature_id": "BUI-062",
        "feature_type": "building_candidate",
        "confidence": 0.617,
        "confidence_band": "medium",
        "evidence": [
          "height_above_ground",
          "low_vegetation_signal"
        ],
        "area_m2": 59.79,
        "risk_type": "possible_access_corridor_conflict",
        "risk_severity": "high",
        "risk_score": 0.82,
        "risk_explanation": "An elevated structure candidate is immediately beside a detected access corridor. Verify the approved road and parcel boundary before treating this as encroachment.",
        "recommended_action": "field_verification",
        "review_status": "field_required",
        "source": "baseline_geospatial_extraction",
        "risk_disclaimer": "Screening indicator from drone evidence; not a legal determination."
      },
      "geometry": {
        "type": "Polygon",
        "coordinates": [
          [
            [
              -70.9175819,
              41.6510764
            ],
            [
              -70.9175818,
              41.6510719
            ],
            [
              -70.9176416,
              41.6510709
            ],
            [
              -70.9176414,
              41.6510664
            ],
            [
              -70.9176653,
              41.651066
            ],
            [
              -70.9176652,
              41.6510615
            ],
            [
              -70.9176712,
              41.6510614
            ],
            [
              -70.9176708,
              41.651048
            ],
            [
              -70.9176648,
              41.6510481
            ],
            [
              -70.9176643,
              41.6510301
            ],
            [
              -70.9176583,
              41.6510302
            ],
            [
              -70.9176582,
              41.6510258
            ],
            [
              -70.9176402,
              41.6510261
            ],
            [
              -70.9176396,
              41.6510036
            ],
            [
              -70.9176336,
              41.6510037
            ],
            [
              -70.9176335,
              41.6509993
            ],
            [
              -70.9176155,
              41.6509996
            ],
            [
              -70.9176154,
              41.6509951
            ],
            [
              -70.9176094,
              41.6509952
            ],
            [
              -70.9176093,
              41.6509907
            ],
            [
              -70.9175854,
              41.6509911
            ],
            [
              -70.9175855,
              41.6509956
            ],
            [
              -70.9175795,
              41.6509957
            ],
            [
              -70.9175807,
              41.651036
            ],
            [
              -70.9175628,
              41.6510363
            ],
            [
              -70.917563,
              41.6510453
            ],
            [
              -70.9175571,
              41.6510454
            ],
            [
              -70.917558,
              41.6510768
            ],
            [
              -70.9175819,
              41.6510764
            ]
          ]
        ]
      }
    },
    {
      "type": "Feature",
      "properties": {
        "feature_id": "BUI-063",
        "feature_type": "building_candidate",
        "confidence": 0.713,
        "confidence_band": "medium",
        "evidence": [
          "height_above_ground",
          "low_vegetation_signal"
        ],
        "area_m2": 22.33,
        "risk_type": "possible_access_corridor_conflict",
        "risk_severity": "high",
        "risk_score": 0.82,
        "risk_explanation": "An elevated structure candidate is immediately beside a detected access corridor. Verify the approved road and parcel boundary before treating this as encroachment.",
        "recommended_action": "field_verification",
        "review_status": "field_required",
        "source": "baseline_geospatial_extraction",
        "risk_disclaimer": "Screening indicator from drone evidence; not a legal determination."
      },
      "geometry": {
        "type": "Polygon",
        "coordinates": [
          [
            [
              -70.9144762,
              41.6510385
            ],
            [
              -70.914476,
              41.6510295
            ],
            [
              -70.9145059,
              41.651029
            ],
            [
              -70.9145055,
              41.6510155
            ],
            [
              -70.9144995,
              41.6510156
            ],
            [
              -70.9144988,
              41.6509932
            ],
            [
              -70.914463,
              41.6509938
            ],
            [
              -70.9144631,
              41.6509983
            ],
            [
              -70.9144571,
              41.6509984
            ],
            [
              -70.9144574,
              41.6510074
            ],
            [
              -70.9144454,
              41.6510076
            ],
            [
              -70.9144455,
              41.651012
            ],
            [
              -70.9144396,
              41.6510121
            ],
            [
              -70.9144397,
              41.6510166
            ],
            [
              -70.9144277,
              41.6510168
            ],
            [
              -70.9144281,
              41.6510303
            ],
            [
              -70.9144341,
              41.6510302
            ],
            [
              -70.9144343,
              41.6510347
            ],
            [
              -70.9144462,
              41.6510345
            ],
            [
              -70.9144463,
              41.651039
            ],
            [
              -70.9144762,
              41.6510385
            ]
          ]
        ]
      }
    },
    {
      "type": "Feature",
      "properties": {
        "feature_id": "BUI-064",
        "feature_type": "building_candidate",
        "confidence": 0.65,
        "confidence_band": "medium",
        "evidence": [
          "height_above_ground",
          "low_vegetation_signal"
        ],
        "area_m2": 62.02,
        "risk_type": "possible_access_corridor_conflict",
        "risk_severity": "high",
        "risk_score": 0.82,
        "risk_explanation": "An elevated structure candidate is immediately beside a detected access corridor. Verify the approved road and parcel boundary before treating this as encroachment.",
        "recommended_action": "field_verification",
        "review_status": "field_required",
        "source": "baseline_geospatial_extraction",
        "risk_disclaimer": "Screening indicator from drone evidence; not a legal determination."
      },
      "geometry": {
        "type": "Polygon",
        "coordinates": [
          [
            [
              -70.9170659,
              41.6510222
            ],
            [
              -70.9170655,
              41.6510087
            ],
            [
              -70.9170595,
              41.6510088
            ],
            [
              -70.9170587,
              41.6509819
            ],
            [
              -70.9170348,
              41.6509823
            ],
            [
              -70.9170337,
              41.6509465
            ],
            [
              -70.9170576,
              41.6509461
            ],
            [
              -70.917057,
              41.6509237
            ],
            [
              -70.9169972,
              41.6509247
            ],
            [
              -70.916997,
              41.6509202
            ],
            [
              -70.9169791,
              41.6509205
            ],
            [
              -70.9169796,
              41.6509384
            ],
            [
              -70.9169677,
              41.6509386
            ],
            [
              -70.9169686,
              41.65097
            ],
            [
              -70.9169865,
              41.6509697
            ],
            [
              -70.9169879,
              41.6510145
            ],
            [
              -70.9170237,
              41.6510139
            ],
            [
              -70.917024,
              41.6510229
            ],
            [
              -70.9170659,
              41.6510222
            ]
          ]
        ]
      }
    },
    {
      "type": "Feature",
      "properties": {
        "feature_id": "BUI-065",
        "feature_type": "building_candidate",
        "confidence": 0.744,
        "confidence_band": "medium",
        "evidence": [
          "height_above_ground",
          "low_vegetation_signal"
        ],
        "area_m2": 8.68,
        "risk_type": "possible_access_corridor_conflict",
        "risk_severity": "high",
        "risk_score": 0.82,
        "risk_explanation": "An elevated structure candidate is immediately beside a detected access corridor. Verify the approved road and parcel boundary before treating this as encroachment.",
        "recommended_action": "field_verification",
        "review_status": "field_required",
        "source": "baseline_geospatial_extraction",
        "risk_disclaimer": "Screening indicator from drone evidence; not a legal determination."
      },
      "geometry": {
        "type": "Polygon",
        "coordinates": [
          [
            [
              -70.9167935,
              41.6509146
            ],
            [
              -70.9167928,
              41.6508922
            ],
            [
              -70.916751,
              41.6508929
            ],
            [
              -70.9167516,
              41.6509153
            ],
            [
              -70.9167935,
              41.6509146
            ]
          ]
        ]
      }
    },
    {
      "type": "Feature",
      "properties": {
        "feature_id": "BUI-066",
        "feature_type": "building_candidate",
        "confidence": 0.645,
        "confidence_band": "medium",
        "evidence": [
          "height_above_ground",
          "low_vegetation_signal"
        ],
        "area_m2": 139.92,
        "risk_type": "possible_access_corridor_conflict",
        "risk_severity": "high",
        "risk_score": 0.82,
        "risk_explanation": "An elevated structure candidate is immediately beside a detected access corridor. Verify the approved road and parcel boundary before treating this as encroachment.",
        "recommended_action": "field_verification",
        "review_status": "field_required",
        "source": "baseline_geospatial_extraction",
        "risk_disclaimer": "Screening indicator from drone evidence; not a legal determination."
      },
      "geometry": {
        "type": "Polygon",
        "coordinates": [
          [
            [
              -70.9174242,
              41.6510028
            ],
            [
              -70.9174238,
              41.6509893
            ],
            [
              -70.9174358,
              41.6509891
            ],
            [
              -70.9174356,
              41.6509846
            ],
            [
              -70.9175014,
              41.6509835
            ],
            [
              -70.9175015,
              41.650988
            ],
            [
              -70.9175374,
              41.6509874
            ],
            [
              -70.9175366,
              41.6509605
            ],
            [
              -70.9175246,
              41.6509607
            ],
            [
              -70.9175245,
              41.6509562
            ],
            [
              -70.9175185,
              41.6509563
            ],
            [
              -70.9175184,
              41.6509518
            ],
            [
              -70.9175124,
              41.6509519
            ],
            [
              -70.9175108,
              41.6508981
            ],
            [
              -70.9175048,
              41.6508982
            ],
            [
              -70.9175047,
              41.6508938
            ],
            [
              -70.9174928,
              41.650894
            ],
            [
              -70.9174926,
              41.6508895
            ],
            [
              -70.9174567,
              41.6508901
            ],
            [
              -70.9174566,
              41.6508856
            ],
            [
              -70.9174506,
              41.6508857
            ],
            [
              -70.9174505,
              41.6508812
            ],
            [
              -70.9174266,
              41.6508816
            ],
            [
              -70.9174263,
              41.6508726
            ],
            [
              -70.9174024,
              41.650873
            ],
            [
              -70.9174027,
              41.650882
            ],
            [
              -70.9173847,
              41.6508823
            ],
            [
              -70.9173851,
              41.6508957
            ],
            [
              -70.9174031,
              41.6508954
            ],
            [
              -70.9174043,
              41.6509358
            ],
            [
              -70.9173983,
              41.6509359
            ],
            [
              -70.9173984,
              41.6509404
            ],
            [
              -70.9173506,
              41.6509412
            ],
            [
              -70.9173517,
              41.650977
            ],
            [
              -70.9173636,
              41.6509769
            ],
            [
              -70.9173643,
              41.6509993
            ],
            [
              -70.9173762,
              41.6509991
            ],
            [
              -70.9173764,
              41.6510036
            ],
            [
              -70.9174242,
              41.6510028
            ]
          ]
        ]
      }
    },
    {
      "type": "Feature",
      "properties": {
        "feature_id": "BUI-067",
        "feature_type": "building_candidate",
        "confidence": 0.563,
        "confidence_band": "low",
        "evidence": [
          "height_above_ground",
          "low_vegetation_signal"
        ],
        "area_m2": 7.69,
        "risk_type": "possible_access_corridor_conflict",
        "risk_severity": "high",
        "risk_score": 0.82,
        "risk_explanation": "An elevated structure candidate is immediately beside a detected access corridor. Verify the approved road and parcel boundary before treating this as encroachment.",
        "recommended_action": "field_verification",
        "review_status": "field_required",
        "source": "baseline_geospatial_extraction",
        "risk_disclaimer": "Screening indicator from drone evidence; not a legal determination."
      },
      "geometry": {
        "type": "Polygon",
        "coordinates": [
          [
            [
              -70.9145869,
              41.6509379
            ],
            [
              -70.9145861,
              41.650911
            ],
            [
              -70.9145562,
              41.6509115
            ],
            [
              -70.9145564,
              41.650916
            ],
            [
              -70.9145504,
              41.6509161
            ],
            [
              -70.9145508,
              41.6509296
            ],
            [
              -70.9145568,
              41.6509295
            ],
            [
              -70.9145569,
              41.6509339
            ],
            [
              -70.9145688,
              41.6509337
            ],
            [
              -70.914569,
              41.6509382
            ],
            [
              -70.9145869,
              41.6509379
            ]
          ]
        ]
      }
    },
    {
      "type": "Feature",
      "properties": {
        "feature_id": "BUI-068",
        "feature_type": "building_candidate",
        "confidence": 0.614,
        "confidence_band": "medium",
        "evidence": [
          "height_above_ground",
          "low_vegetation_signal"
        ],
        "area_m2": 10.67,
        "risk_type": "possible_access_corridor_conflict",
        "risk_severity": "high",
        "risk_score": 0.82,
        "risk_explanation": "An elevated structure candidate is immediately beside a detected access corridor. Verify the approved road and parcel boundary before treating this as encroachment.",
        "recommended_action": "field_verification",
        "review_status": "field_required",
        "source": "baseline_geospatial_extraction",
        "risk_disclaimer": "Screening indicator from drone evidence; not a legal determination."
      },
      "geometry": {
        "type": "Polygon",
        "coordinates": [
          [
            [
              -70.9146812,
              41.6508915
            ],
            [
              -70.9146804,
              41.6508646
            ],
            [
              -70.9146745,
              41.6508647
            ],
            [
              -70.9146743,
              41.6508602
            ],
            [
              -70.9146504,
              41.6508606
            ],
            [
              -70.9146503,
              41.6508561
            ],
            [
              -70.9146324,
              41.6508564
            ],
            [
              -70.9146328,
              41.6508699
            ],
            [
              -70.9146507,
              41.6508696
            ],
            [
              -70.9146514,
              41.650892
            ],
            [
              -70.9146812,
              41.6508915
            ]
          ]
        ]
      }
    },
    {
      "type": "Feature",
      "properties": {
        "feature_id": "BUI-069",
        "feature_type": "building_candidate",
        "confidence": 0.548,
        "confidence_band": "low",
        "evidence": [
          "height_above_ground",
          "low_vegetation_signal"
        ],
        "area_m2": 14.64,
        "risk_type": "possible_access_corridor_conflict",
        "risk_severity": "high",
        "risk_score": 0.82,
        "risk_explanation": "An elevated structure candidate is immediately beside a detected access corridor. Verify the approved road and parcel boundary before treating this as encroachment.",
        "recommended_action": "field_verification",
        "review_status": "field_required",
        "source": "baseline_geospatial_extraction",
        "risk_disclaimer": "Screening indicator from drone evidence; not a legal determination."
      },
      "geometry": {
        "type": "Polygon",
        "coordinates": [
          [
            [
              -70.9143038,
              41.6508709
            ],
            [
              -70.9143035,
              41.6508619
            ],
            [
              -70.9143454,
              41.6508612
            ],
            [
              -70.9143448,
              41.6508433
            ],
            [
              -70.9142851,
              41.6508443
            ],
            [
              -70.9142852,
              41.6508487
            ],
            [
              -70.9142732,
              41.6508489
            ],
            [
              -70.9142735,
              41.6508579
            ],
            [
              -70.9142675,
              41.650858
            ],
            [
              -70.9142679,
              41.6508715
            ],
            [
              -70.9143038,
              41.6508709
            ]
          ]
        ]
      }
    },
    {
      "type": "Feature",
      "properties": {
        "feature_id": "BUI-070",
        "feature_type": "building_candidate",
        "confidence": 0.623,
        "confidence_band": "medium",
        "evidence": [
          "height_above_ground",
          "low_vegetation_signal"
        ],
        "area_m2": 21.34,
        "risk_type": "possible_access_corridor_conflict",
        "risk_severity": "high",
        "risk_score": 0.82,
        "risk_explanation": "An elevated structure candidate is immediately beside a detected access corridor. Verify the approved road and parcel boundary before treating this as encroachment.",
        "recommended_action": "field_verification",
        "review_status": "field_required",
        "source": "baseline_geospatial_extraction",
        "risk_disclaimer": "Screening indicator from drone evidence; not a legal determination."
      },
      "geometry": {
        "type": "Polygon",
        "coordinates": [
          [
            [
              -70.9168149,
              41.650829
            ],
            [
              -70.9168138,
              41.6507931
            ],
            [
              -70.91676,
              41.650794
            ],
            [
              -70.9167601,
              41.6507985
            ],
            [
              -70.9167482,
              41.6507987
            ],
            [
              -70.9167491,
              41.6508301
            ],
            [
              -70.9168149,
              41.650829
            ]
          ]
        ]
      }
    },
    {
      "type": "Feature",
      "properties": {
        "feature_id": "BUI-071",
        "feature_type": "building_candidate",
        "confidence": 0.585,
        "confidence_band": "low",
        "evidence": [
          "height_above_ground",
          "low_vegetation_signal"
        ],
        "area_m2": 6.2,
        "risk_type": "possible_access_corridor_conflict",
        "risk_severity": "high",
        "risk_score": 0.82,
        "risk_explanation": "An elevated structure candidate is immediately beside a detected access corridor. Verify the approved road and parcel boundary before treating this as encroachment.",
        "recommended_action": "field_verification",
        "review_status": "field_required",
        "source": "baseline_geospatial_extraction",
        "risk_disclaimer": "Screening indicator from drone evidence; not a legal determination."
      },
      "geometry": {
        "type": "Polygon",
        "coordinates": [
          [
            [
              -70.9175432,
              41.650781
            ],
            [
              -70.917543,
              41.650772
            ],
            [
              -70.9175489,
              41.6507719
            ],
            [
              -70.9175484,
              41.650754
            ],
            [
              -70.9175185,
              41.6507545
            ],
            [
              -70.9175189,
              41.6507679
            ],
            [
              -70.9175249,
              41.6507678
            ],
            [
              -70.9175253,
              41.6507813
            ],
            [
              -70.9175432,
              41.650781
            ]
          ]
        ]
      }
    },
    {
      "type": "Feature",
      "properties": {
        "feature_id": "BUI-072",
        "feature_type": "building_candidate",
        "confidence": 0.762,
        "confidence_band": "medium",
        "evidence": [
          "height_above_ground",
          "low_vegetation_signal"
        ],
        "area_m2": 12.4,
        "risk_type": "possible_access_corridor_conflict",
        "risk_severity": "high",
        "risk_score": 0.82,
        "risk_explanation": "An elevated structure candidate is immediately beside a detected access corridor. Verify the approved road and parcel boundary before treating this as encroachment.",
        "recommended_action": "field_verification",
        "review_status": "field_required",
        "source": "baseline_geospatial_extraction",
        "risk_disclaimer": "Screening indicator from drone evidence; not a legal determination."
      },
      "geometry": {
        "type": "Polygon",
        "coordinates": [
          [
            [
              -70.916479,
              41.6507987
            ],
            [
              -70.9164779,
              41.6507629
            ],
            [
              -70.9164361,
              41.6507636
            ],
            [
              -70.9164368,
              41.650786
            ],
            [
              -70.9164427,
              41.6507859
            ],
            [
              -70.9164429,
              41.6507904
            ],
            [
              -70.9164488,
              41.6507903
            ],
            [
              -70.916449,
              41.6507947
            ],
            [
              -70.916455,
              41.6507946
            ],
            [
              -70.9164551,
              41.6507991
            ],
            [
              -70.916479,
              41.6507987
            ]
          ]
        ]
      }
    },
    {
      "type": "Feature",
      "properties": {
        "feature_id": "BUI-073",
        "feature_type": "building_candidate",
        "confidence": 0.546,
        "confidence_band": "low",
        "evidence": [
          "height_above_ground",
          "low_vegetation_signal"
        ],
        "area_m2": 4.47,
        "risk_type": "possible_access_corridor_conflict",
        "risk_severity": "high",
        "risk_score": 0.82,
        "risk_explanation": "An elevated structure candidate is immediately beside a detected access corridor. Verify the approved road and parcel boundary before treating this as encroachment.",
        "recommended_action": "field_verification",
        "review_status": "field_required",
        "source": "baseline_geospatial_extraction",
        "risk_disclaimer": "Screening indicator from drone evidence; not a legal determination."
      },
      "geometry": {
        "type": "Polygon",
        "coordinates": [
          [
            [
              -70.9173214,
              41.6507622
            ],
            [
              -70.9173208,
              41.6507443
            ],
            [
              -70.9173148,
              41.6507444
            ],
            [
              -70.9173147,
              41.6507399
            ],
            [
              -70.9172968,
              41.6507402
            ],
            [
              -70.9172973,
              41.6507582
            ],
            [
              -70.9173033,
              41.6507581
            ],
            [
              -70.9173034,
              41.6507625
            ],
            [
              -70.9173214,
              41.6507622
            ]
          ]
        ]
      }
    },
    {
      "type": "Feature",
      "properties": {
        "feature_id": "BUI-074",
        "feature_type": "building_candidate",
        "confidence": 0.653,
        "confidence_band": "medium",
        "evidence": [
          "height_above_ground",
          "low_vegetation_signal"
        ],
        "area_m2": 72.94,
        "risk_type": "possible_access_corridor_conflict",
        "risk_severity": "high",
        "risk_score": 0.82,
        "risk_explanation": "An elevated structure candidate is immediately beside a detected access corridor. Verify the approved road and parcel boundary before treating this as encroachment.",
        "recommended_action": "field_verification",
        "review_status": "field_required",
        "source": "baseline_geospatial_extraction",
        "risk_disclaimer": "Screening indicator from drone evidence; not a legal determination."
      },
      "geometry": {
        "type": "Polygon",
        "coordinates": [
          [
            [
              -70.9144421,
              41.6508955
            ],
            [
              -70.9144417,
              41.650882
            ],
            [
              -70.9144477,
              41.6508819
            ],
            [
              -70.9144471,
              41.650864
            ],
            [
              -70.914489,
              41.6508633
            ],
            [
              -70.9144891,
              41.6508678
            ],
            [
              -70.9145071,
              41.6508675
            ],
            [
              -70.9145061,
              41.6508361
            ],
            [
              -70.9144882,
              41.6508364
            ],
            [
              -70.9144873,
              41.650805
            ],
            [
              -70.9144813,
              41.6508051
            ],
            [
              -70.9144812,
              41.6508006
            ],
            [
              -70.9144752,
              41.6508007
            ],
            [
              -70.9144744,
              41.6507738
            ],
            [
              -70.9144684,
              41.6507739
            ],
            [
              -70.9144683,
              41.6507694
            ],
            [
              -70.9144623,
              41.6507695
            ],
            [
              -70.9144622,
              41.6507651
            ],
            [
              -70.9144323,
              41.6507656
            ],
            [
              -70.9144324,
              41.65077
            ],
            [
              -70.9143965,
              41.6507706
            ],
            [
              -70.9143971,
              41.6507886
            ],
            [
              -70.9143791,
              41.6507889
            ],
            [
              -70.9143794,
              41.6507978
            ],
            [
              -70.9143734,
              41.6507979
            ],
            [
              -70.9143738,
              41.6508114
            ],
            [
              -70.9144575,
              41.65081
            ],
            [
              -70.9144576,
              41.6508145
            ],
            [
              -70.9144636,
              41.6508144
            ],
            [
              -70.9144645,
              41.6508458
            ],
            [
              -70.9143988,
              41.6508469
            ],
            [
              -70.9143996,
              41.6508738
            ],
            [
              -70.9144175,
              41.6508735
            ],
            [
              -70.9144182,
              41.6508959
            ],
            [
              -70.9144421,
              41.6508955
            ]
          ]
        ]
      }
    },
    {
      "type": "Feature",
      "properties": {
        "feature_id": "BUI-075",
        "feature_type": "building_candidate",
        "confidence": 0.751,
        "confidence_band": "medium",
        "evidence": [
          "height_above_ground",
          "low_vegetation_signal"
        ],
        "area_m2": 5.21,
        "risk_type": "possible_access_corridor_conflict",
        "risk_severity": "high",
        "risk_score": 0.82,
        "risk_explanation": "An elevated structure candidate is immediately beside a detected access corridor. Verify the approved road and parcel boundary before treating this as encroachment.",
        "recommended_action": "field_verification",
        "review_status": "field_required",
        "source": "baseline_geospatial_extraction",
        "risk_disclaimer": "Screening indicator from drone evidence; not a legal determination."
      },
      "geometry": {
        "type": "Polygon",
        "coordinates": [
          [
            [
              -70.9166209,
              41.6507425
            ],
            [
              -70.9166206,
              41.6507336
            ],
            [
              -70.9166326,
              41.6507334
            ],
            [
              -70.9166322,
              41.6507199
            ],
            [
              -70.9166023,
              41.6507204
            ],
            [
              -70.916603,
              41.6507428
            ],
            [
              -70.9166209,
              41.6507425
            ]
          ]
        ]
      }
    },
    {
      "type": "Feature",
      "properties": {
        "feature_id": "BUI-076",
        "feature_type": "building_candidate",
        "confidence": 0.537,
        "confidence_band": "low",
        "evidence": [
          "height_above_ground",
          "low_vegetation_signal"
        ],
        "area_m2": 5.95,
        "risk_type": "possible_access_corridor_conflict",
        "risk_severity": "high",
        "risk_score": 0.82,
        "risk_explanation": "An elevated structure candidate is immediately beside a detected access corridor. Verify the approved road and parcel boundary before treating this as encroachment.",
        "recommended_action": "field_verification",
        "review_status": "field_required",
        "source": "baseline_geospatial_extraction",
        "risk_disclaimer": "Screening indicator from drone evidence; not a legal determination."
      },
      "geometry": {
        "type": "Polygon",
        "coordinates": [
          [
            [
              -70.9163213,
              41.6507251
            ],
            [
              -70.9163209,
              41.6507116
            ],
            [
              -70.9162731,
              41.6507124
            ],
            [
              -70.9162735,
              41.6507259
            ],
            [
              -70.9163213,
              41.6507251
            ]
          ]
        ]
      }
    },
    {
      "type": "Feature",
      "properties": {
        "feature_id": "BUI-077",
        "feature_type": "building_candidate",
        "confidence": 0.747,
        "confidence_band": "medium",
        "evidence": [
          "height_above_ground",
          "low_vegetation_signal"
        ],
        "area_m2": 10.92,
        "risk_type": "possible_access_corridor_conflict",
        "risk_severity": "high",
        "risk_score": 0.82,
        "risk_explanation": "An elevated structure candidate is immediately beside a detected access corridor. Verify the approved road and parcel boundary before treating this as encroachment.",
        "recommended_action": "field_verification",
        "review_status": "field_required",
        "source": "baseline_geospatial_extraction",
        "risk_disclaimer": "Screening indicator from drone evidence; not a legal determination."
      },
      "geometry": {
        "type": "Polygon",
        "coordinates": [
          [
            [
              -70.9164398,
              41.6506872
            ],
            [
              -70.9164393,
              41.6506693
            ],
            [
              -70.9164512,
              41.6506691
            ],
            [
              -70.9164508,
              41.6506556
            ],
            [
              -70.9164449,
              41.6506557
            ],
            [
              -70.9164447,
              41.6506513
            ],
            [
              -70.9164208,
              41.6506517
            ],
            [
              -70.9164209,
              41.6506561
            ],
            [
              -70.916409,
              41.6506563
            ],
            [
              -70.9164098,
              41.6506832
            ],
            [
              -70.9164158,
              41.6506831
            ],
            [
              -70.9164159,
              41.6506876
            ],
            [
              -70.9164398,
              41.6506872
            ]
          ]
        ]
      }
    },
    {
      "type": "Feature",
      "properties": {
        "feature_id": "BUI-078",
        "feature_type": "building_candidate",
        "confidence": 0.69,
        "confidence_band": "medium",
        "evidence": [
          "height_above_ground",
          "low_vegetation_signal"
        ],
        "area_m2": 44.66,
        "risk_type": "possible_access_corridor_conflict",
        "risk_severity": "high",
        "risk_score": 0.82,
        "risk_explanation": "An elevated structure candidate is immediately beside a detected access corridor. Verify the approved road and parcel boundary before treating this as encroachment.",
        "recommended_action": "field_verification",
        "review_status": "field_required",
        "source": "baseline_geospatial_extraction",
        "risk_disclaimer": "Screening indicator from drone evidence; not a legal determination."
      },
      "geometry": {
        "type": "Polygon",
        "coordinates": [
          [
            [
              -70.9144434,
              41.6507385
            ],
            [
              -70.9144432,
              41.6507295
            ],
            [
              -70.9144491,
              41.6507294
            ],
            [
              -70.9144489,
              41.6507204
            ],
            [
              -70.9144608,
              41.6507202
            ],
            [
              -70.9144604,
              41.6507068
            ],
            [
              -70.9144545,
              41.6507069
            ],
            [
              -70.9144542,
              41.6506979
            ],
            [
              -70.9144482,
              41.650698
            ],
            [
              -70.9144481,
              41.6506935
            ],
            [
              -70.9144361,
              41.6506937
            ],
            [
              -70.9144359,
              41.6506848
            ],
            [
              -70.914406,
              41.6506853
            ],
            [
              -70.9144058,
              41.6506808
            ],
            [
              -70.914346,
              41.6506818
            ],
            [
              -70.9143464,
              41.6506952
            ],
            [
              -70.9143644,
              41.6506949
            ],
            [
              -70.9143649,
              41.6507128
            ],
            [
              -70.9143709,
              41.6507127
            ],
            [
              -70.9143717,
              41.6507397
            ],
            [
              -70.9144434,
              41.6507385
            ]
          ]
        ]
      }
    },
    {
      "type": "Feature",
      "properties": {
        "feature_id": "BUI-079",
        "feature_type": "building_candidate",
        "confidence": 0.649,
        "confidence_band": "medium",
        "evidence": [
          "height_above_ground",
          "low_vegetation_signal"
        ],
        "area_m2": 6.95,
        "risk_type": "possible_access_corridor_conflict",
        "risk_severity": "high",
        "risk_score": 0.82,
        "risk_explanation": "An elevated structure candidate is immediately beside a detected access corridor. Verify the approved road and parcel boundary before treating this as encroachment.",
        "recommended_action": "field_verification",
        "review_status": "field_required",
        "source": "baseline_geospatial_extraction",
        "risk_disclaimer": "Screening indicator from drone evidence; not a legal determination."
      },
      "geometry": {
        "type": "Polygon",
        "coordinates": [
          [
            [
              -70.9163253,
              41.6506577
            ],
            [
              -70.9163246,
              41.6506353
            ],
            [
              -70.9162828,
              41.650636
            ],
            [
              -70.9162832,
              41.6506495
            ],
            [
              -70.9163011,
              41.6506492
            ],
            [
              -70.9163012,
              41.6506537
            ],
            [
              -70.9163072,
              41.6506536
            ],
            [
              -70.9163073,
              41.650658
            ],
            [
              -70.9163253,
              41.6506577
            ]
          ]
        ]
      }
    },
    {
      "type": "Feature",
      "properties": {
        "feature_id": "BUI-080",
        "feature_type": "building_candidate",
        "confidence": 0.655,
        "confidence_band": "medium",
        "evidence": [
          "height_above_ground",
          "low_vegetation_signal"
        ],
        "area_m2": 10.42,
        "risk_type": "possible_access_corridor_conflict",
        "risk_severity": "high",
        "risk_score": 0.82,
        "risk_explanation": "An elevated structure candidate is immediately beside a detected access corridor. Verify the approved road and parcel boundary before treating this as encroachment.",
        "recommended_action": "field_verification",
        "review_status": "field_required",
        "source": "baseline_geospatial_extraction",
        "risk_disclaimer": "Screening indicator from drone evidence; not a legal determination."
      },
      "geometry": {
        "type": "Polygon",
        "coordinates": [
          [
            [
              -70.9148627,
              41.6505565
            ],
            [
              -70.9148623,
              41.6505431
            ],
            [
              -70.9148743,
              41.6505429
            ],
            [
              -70.9148739,
              41.6505294
            ],
            [
              -70.9148261,
              41.6505302
            ],
            [
              -70.9148269,
              41.6505571
            ],
            [
              -70.9148627,
              41.6505565
            ]
          ]
        ]
      }
    },
    {
      "type": "Feature",
      "properties": {
        "feature_id": "VEG-001",
        "feature_type": "vegetation",
        "confidence": 0.469,
        "confidence_band": "low",
        "evidence": [
          "vdvi_signal"
        ],
        "area_m2": 8.19,
        "risk_type": "possible_corridor_obstruction",
        "risk_severity": "medium",
        "risk_score": 0.63,
        "risk_explanation": "Dense vegetation touches a detected corridor and may hide its edge or obstruct access. A field check is recommended.",
        "recommended_action": "field_verification",
        "review_status": "field_required",
        "source": "baseline_geospatial_extraction",
        "risk_disclaimer": "Screening indicator from drone evidence; not a legal determination."
      },
      "geometry": {
        "type": "Polygon",
        "coordinates": [
          [
            [
              -70.9141416,
              41.6540809
            ],
            [
              -70.9141412,
              41.6540674
            ],
            [
              -70.9141293,
              41.6540676
            ],
            [
              -70.9141291,
              41.6540631
            ],
            [
              -70.9140873,
              41.6540638
            ],
            [
              -70.9140877,
              41.6540773
            ],
            [
              -70.9140937,
              41.6540772
            ],
            [
              -70.9140938,
              41.6540817
            ],
            [
              -70.9141416,
              41.6540809
            ]
          ]
        ]
      }
    },
    {
      "type": "Feature",
      "properties": {
        "feature_id": "VEG-002",
        "feature_type": "vegetation",
        "confidence": 0.403,
        "confidence_band": "low",
        "evidence": [
          "vdvi_signal"
        ],
        "area_m2": 20.34,
        "risk_type": "possible_corridor_obstruction",
        "risk_severity": "medium",
        "risk_score": 0.63,
        "risk_explanation": "Dense vegetation touches a detected corridor and may hide its edge or obstruct access. A field check is recommended.",
        "recommended_action": "field_verification",
        "review_status": "field_required",
        "source": "baseline_geospatial_extraction",
        "risk_disclaimer": "Screening indicator from drone evidence; not a legal determination."
      },
      "geometry": {
        "type": "Polygon",
        "coordinates": [
          [
            [
              -70.913998,
              41.6540788
            ],
            [
              -70.9139979,
              41.6540743
            ],
            [
              -70.9140038,
              41.6540742
            ],
            [
              -70.9140037,
              41.6540697
            ],
            [
              -70.9140097,
              41.6540696
            ],
            [
              -70.9140096,
              41.6540651
            ],
            [
              -70.9140275,
              41.6540648
            ],
            [
              -70.9140267,
              41.6540379
            ],
            [
              -70.9140207,
              41.654038
            ],
            [
              -70.9140203,
              41.6540246
            ],
            [
              -70.9139964,
              41.654025
            ],
            [
              -70.9139965,
              41.6540294
            ],
            [
              -70.9139906,
              41.6540295
            ],
            [
              -70.913991,
              41.654043
            ],
            [
              -70.913979,
              41.6540432
            ],
            [
              -70.9139794,
              41.6540566
            ],
            [
              -70.9139674,
              41.6540568
            ],
            [
              -70.9139681,
              41.6540793
            ],
            [
              -70.913998,
              41.6540788
            ]
          ]
        ]
      }
    },
    {
      "type": "Feature",
      "properties": {
        "feature_id": "VEG-003",
        "feature_type": "vegetation",
        "confidence": 0.581,
        "confidence_band": "low",
        "evidence": [
          "vdvi_signal"
        ],
        "area_m2": 14.89,
        "risk_type": "possible_corridor_obstruction",
        "risk_severity": "medium",
        "risk_score": 0.63,
        "risk_explanation": "Dense vegetation touches a detected corridor and may hide its edge or obstruct access. A field check is recommended.",
        "recommended_action": "field_verification",
        "review_status": "field_required",
        "source": "baseline_geospatial_extraction",
        "risk_disclaimer": "Screening indicator from drone evidence; not a legal determination."
      },
      "geometry": {
        "type": "Polygon",
        "coordinates": [
          [
            [
              -70.9151921,
              41.6537987
            ],
            [
              -70.915192,
              41.6537942
            ],
            [
              -70.9151979,
              41.6537941
            ],
            [
              -70.9151974,
              41.6537762
            ],
            [
              -70.9151914,
              41.6537763
            ],
            [
              -70.9151912,
              41.6537673
            ],
            [
              -70.9151433,
              41.6537681
            ],
            [
              -70.9151443,
              41.6537995
            ],
            [
              -70.9151921,
              41.6537987
            ]
          ]
        ]
      }
    },
    {
      "type": "Feature",
      "properties": {
        "feature_id": "VEG-004",
        "feature_type": "vegetation",
        "confidence": 0.636,
        "confidence_band": "medium",
        "evidence": [
          "vdvi_signal"
        ],
        "area_m2": 19.35,
        "risk_type": "possible_corridor_obstruction",
        "risk_severity": "medium",
        "risk_score": 0.63,
        "risk_explanation": "Dense vegetation touches a detected corridor and may hide its edge or obstruct access. A field check is recommended.",
        "recommended_action": "admin_review",
        "review_status": "unreviewed",
        "source": "baseline_geospatial_extraction",
        "risk_disclaimer": "Screening indicator from drone evidence; not a legal determination."
      },
      "geometry": {
        "type": "Polygon",
        "coordinates": [
          [
            [
              -70.9155845,
              41.6537159
            ],
            [
              -70.9155834,
              41.65368
            ],
            [
              -70.9155714,
              41.6536802
            ],
            [
              -70.9155713,
              41.6536757
            ],
            [
              -70.9155175,
              41.6536766
            ],
            [
              -70.9155174,
              41.6536722
            ],
            [
              -70.9154934,
              41.6536726
            ],
            [
              -70.9154938,
              41.653686
            ],
            [
              -70.9155058,
              41.6536858
            ],
            [
              -70.9155061,
              41.6536948
            ],
            [
              -70.9155599,
              41.6536939
            ],
            [
              -70.9155605,
              41.6537163
            ],
            [
              -70.9155845,
              41.6537159
            ]
          ]
        ]
      }
    },
    {
      "type": "Feature",
      "properties": {
        "feature_id": "VEG-005",
        "feature_type": "vegetation",
        "confidence": 0.58,
        "confidence_band": "low",
        "evidence": [
          "vdvi_signal"
        ],
        "area_m2": 21.83,
        "risk_type": "possible_corridor_obstruction",
        "risk_severity": "medium",
        "risk_score": 0.63,
        "risk_explanation": "Dense vegetation touches a detected corridor and may hide its edge or obstruct access. A field check is recommended.",
        "recommended_action": "field_verification",
        "review_status": "field_required",
        "source": "baseline_geospatial_extraction",
        "risk_disclaimer": "Screening indicator from drone evidence; not a legal determination."
      },
      "geometry": {
        "type": "Polygon",
        "coordinates": [
          [
            [
              -70.9157153,
              41.6536913
            ],
            [
              -70.9157144,
              41.6536599
            ],
            [
              -70.9156725,
              41.6536606
            ],
            [
              -70.9156727,
              41.6536651
            ],
            [
              -70.9156308,
              41.6536658
            ],
            [
              -70.9156312,
              41.6536792
            ],
            [
              -70.9156372,
              41.6536791
            ],
            [
              -70.9156376,
              41.6536926
            ],
            [
              -70.9157153,
              41.6536913
            ]
          ]
        ]
      }
    },
    {
      "type": "Feature",
      "properties": {
        "feature_id": "VEG-006",
        "feature_type": "vegetation",
        "confidence": 0.679,
        "confidence_band": "medium",
        "evidence": [
          "vdvi_signal"
        ],
        "area_m2": 27.04,
        "risk_type": "possible_corridor_obstruction",
        "risk_severity": "medium",
        "risk_score": 0.63,
        "risk_explanation": "Dense vegetation touches a detected corridor and may hide its edge or obstruct access. A field check is recommended.",
        "recommended_action": "admin_review",
        "review_status": "unreviewed",
        "source": "baseline_geospatial_extraction",
        "risk_disclaimer": "Screening indicator from drone evidence; not a legal determination."
      },
      "geometry": {
        "type": "Polygon",
        "coordinates": [
          [
            [
              -70.9157228,
              41.6535386
            ],
            [
              -70.9157209,
              41.6534759
            ],
            [
              -70.915685,
              41.6534765
            ],
            [
              -70.9156852,
              41.653481
            ],
            [
              -70.9156792,
              41.6534811
            ],
            [
              -70.9156793,
              41.6534855
            ],
            [
              -70.9156375,
              41.6534862
            ],
            [
              -70.915638,
              41.6535042
            ],
            [
              -70.9156799,
              41.6535035
            ],
            [
              -70.91568,
              41.653508
            ],
            [
              -70.9156919,
              41.6535078
            ],
            [
              -70.9156927,
              41.6535347
            ],
            [
              -70.9157047,
              41.6535345
            ],
            [
              -70.9157048,
              41.6535389
            ],
            [
              -70.9157228,
              41.6535386
            ]
          ]
        ]
      }
    },
    {
      "type": "Feature",
      "properties": {
        "feature_id": "VEG-007",
        "feature_type": "vegetation",
        "confidence": 0.502,
        "confidence_band": "low",
        "evidence": [
          "vdvi_signal"
        ],
        "area_m2": 59.29,
        "risk_type": "possible_corridor_obstruction",
        "risk_severity": "medium",
        "risk_score": 0.63,
        "risk_explanation": "Dense vegetation touches a detected corridor and may hide its edge or obstruct access. A field check is recommended.",
        "recommended_action": "field_verification",
        "review_status": "field_required",
        "source": "baseline_geospatial_extraction",
        "risk_disclaimer": "Screening indicator from drone evidence; not a legal determination."
      },
      "geometry": {
        "type": "Polygon",
        "coordinates": [
          [
            [
              -70.9151144,
              41.6535981
            ],
            [
              -70.9151138,
              41.6535802
            ],
            [
              -70.9151198,
              41.6535801
            ],
            [
              -70.9151194,
              41.6535667
            ],
            [
              -70.9150955,
              41.653567
            ],
            [
              -70.9150958,
              41.653576
            ],
            [
              -70.9150898,
              41.6535761
            ],
            [
              -70.9150899,
              41.6535806
            ],
            [
              -70.915054,
              41.6535812
            ],
            [
              -70.9150539,
              41.6535767
            ],
            [
              -70.915036,
              41.653577
            ],
            [
              -70.9150329,
              41.6534739
            ],
            [
              -70.915021,
              41.6534741
            ],
            [
              -70.9150204,
              41.6534562
            ],
            [
              -70.9150085,
              41.6534564
            ],
            [
              -70.9150082,
              41.6534474
            ],
            [
              -70.9150022,
              41.6534475
            ],
            [
              -70.915002,
              41.6534385
            ],
            [
              -70.91499,
              41.6534387
            ],
            [
              -70.9149899,
              41.6534342
            ],
            [
              -70.9149719,
              41.6534345
            ],
            [
              -70.9149729,
              41.6534659
            ],
            [
              -70.9149908,
              41.6534656
            ],
            [
              -70.9149909,
              41.6534701
            ],
            [
              -70.9149969,
              41.65347
            ],
            [
              -70.914997,
              41.6534745
            ],
            [
              -70.915003,
              41.6534744
            ],
            [
              -70.915004,
              41.6535058
            ],
            [
              -70.9150099,
              41.6535057
            ],
            [
              -70.9150106,
              41.6535281
            ],
            [
              -70.9150046,
              41.6535282
            ],
            [
              -70.9150066,
              41.6535954
            ],
            [
              -70.9150903,
              41.653594
            ],
            [
              -70.9150905,
              41.6535985
            ],
            [
              -70.9151144,
              41.6535981
            ]
          ]
        ]
      }
    },
    {
      "type": "Feature",
      "properties": {
        "feature_id": "VEG-008",
        "feature_type": "vegetation",
        "confidence": 0.581,
        "confidence_band": "low",
        "evidence": [
          "vdvi_signal"
        ],
        "area_m2": 169.94,
        "risk_type": "possible_corridor_obstruction",
        "risk_severity": "medium",
        "risk_score": 0.63,
        "risk_explanation": "Dense vegetation touches a detected corridor and may hide its edge or obstruct access. A field check is recommended.",
        "recommended_action": "field_verification",
        "review_status": "field_required",
        "source": "baseline_geospatial_extraction",
        "risk_disclaimer": "Screening indicator from drone evidence; not a legal determination."
      },
      "geometry": {
        "type": "Polygon",
        "coordinates": [
          [
            [
              -70.9153493,
              41.6536525
            ],
            [
              -70.915349,
              41.6536436
            ],
            [
              -70.915361,
              41.6536434
            ],
            [
              -70.9153599,
              41.6536075
            ],
            [
              -70.9153479,
              41.6536077
            ],
            [
              -70.915346,
              41.6535404
            ],
            [
              -70.91534,
              41.6535405
            ],
            [
              -70.9153363,
              41.653415
            ],
            [
              -70.9153422,
              41.6534149
            ],
            [
              -70.9153418,
              41.6534015
            ],
            [
              -70.9153538,
              41.6534013
            ],
            [
              -70.9153534,
              41.6533878
            ],
            [
              -70.9153355,
              41.6533881
            ],
            [
              -70.9153357,
              41.6533971
            ],
            [
              -70.9153178,
              41.6533974
            ],
            [
              -70.9153179,
              41.6534019
            ],
            [
              -70.9153119,
              41.653402
            ],
            [
              -70.9153122,
              41.6534109
            ],
            [
              -70.9153062,
              41.653411
            ],
            [
              -70.9153065,
              41.65342
            ],
            [
              -70.9153005,
              41.6534201
            ],
            [
              -70.9153006,
              41.6534246
            ],
            [
              -70.9152409,
              41.6534256
            ],
            [
              -70.9152411,
              41.6534345
            ],
            [
              -70.9152292,
              41.6534347
            ],
            [
              -70.9152298,
              41.6534572
            ],
            [
              -70.9152239,
              41.6534573
            ],
            [
              -70.9152242,
              41.6534707
            ],
            [
              -70.9152302,
              41.6534706
            ],
            [
              -70.9152304,
              41.6534751
            ],
            [
              -70.9152961,
              41.653474
            ],
            [
              -70.9152969,
              41.6535009
            ],
            [
              -70.9152431,
              41.6535018
            ],
            [
              -70.9152434,
              41.6535108
            ],
            [
              -70.9152254,
              41.6535111
            ],
            [
              -70.9152256,
              41.6535155
            ],
            [
              -70.9152196,
              41.6535156
            ],
            [
              -70.9152208,
              41.653556
            ],
            [
              -70.9152328,
              41.6535558
            ],
            [
              -70.9152329,
              41.6535603
            ],
            [
              -70.9153046,
              41.6535591
            ],
            [
              -70.9153048,
              41.6535636
            ],
            [
              -70.9153107,
              41.6535635
            ],
            [
              -70.915311,
              41.6535724
            ],
            [
              -70.915323,
              41.6535722
            ],
            [
              -70.9153238,
              41.6535991
            ],
            [
              -70.9153178,
              41.6535992
            ],
            [
              -70.9153181,
              41.6536082
            ],
            [
              -70.9153121,
              41.6536083
            ],
            [
              -70.9153122,
              41.6536128
            ],
            [
              -70.9153062,
              41.6536129
            ],
            [
              -70.9153064,
              41.6536174
            ],
            [
              -70.9153004,
              41.6536175
            ],
            [
              -70.9153005,
              41.6536219
            ],
            [
              -70.9152886,
              41.6536221
            ],
            [
              -70.9152887,
              41.6536266
            ],
            [
              -70.9152767,
              41.6536268
            ],
            [
              -70.9152771,
              41.6536403
            ],
            [
              -70.915307,
              41.6536398
            ],
            [
              -70.9153072,
              41.6536443
            ],
            [
              -70.9153131,
              41.6536442
            ],
            [
              -70.9153133,
              41.6536486
            ],
            [
              -70.9153193,
              41.6536485
            ],
            [
              -70.9153194,
              41.653653
            ],
            [
              -70.9153493,
              41.6536525
            ]
          ]
        ]
      }
    },
    {
      "type": "Feature",
      "properties": {
        "feature_id": "VEG-009",
        "feature_type": "vegetation",
        "confidence": 0.717,
        "confidence_band": "medium",
        "evidence": [
          "vdvi_signal"
        ],
        "area_m2": 71.95,
        "risk_type": "possible_corridor_obstruction",
        "risk_severity": "medium",
        "risk_score": 0.63,
        "risk_explanation": "Dense vegetation touches a detected corridor and may hide its edge or obstruct access. A field check is recommended.",
        "recommended_action": "admin_review",
        "review_status": "unreviewed",
        "source": "baseline_geospatial_extraction",
        "risk_disclaimer": "Screening indicator from drone evidence; not a legal determination."
      },
      "geometry": {
        "type": "Polygon",
        "coordinates": [
          [
            [
              -70.9157322,
              41.6534533
            ],
            [
              -70.9157306,
              41.6533995
            ],
            [
              -70.9157366,
              41.6533994
            ],
            [
              -70.9157362,
              41.6533859
            ],
            [
              -70.9157302,
              41.653386
            ],
            [
              -70.9157295,
              41.6533636
            ],
            [
              -70.9157056,
              41.653364
            ],
            [
              -70.9157062,
              41.6533819
            ],
            [
              -70.9156344,
              41.6533831
            ],
            [
              -70.9156345,
              41.6533876
            ],
            [
              -70.9156226,
              41.6533878
            ],
            [
              -70.9156243,
              41.6534461
            ],
            [
              -70.9156303,
              41.653446
            ],
            [
              -70.9156304,
              41.6534505
            ],
            [
              -70.9157082,
              41.6534492
            ],
            [
              -70.9157083,
              41.6534537
            ],
            [
              -70.9157322,
              41.6534533
            ]
          ]
        ]
      }
    },
    {
      "type": "Feature",
      "properties": {
        "feature_id": "VEG-010",
        "feature_type": "vegetation",
        "confidence": 0.385,
        "confidence_band": "low",
        "evidence": [
          "vdvi_signal"
        ],
        "area_m2": 22.58,
        "risk_type": "low_geometry_reliability",
        "risk_severity": "medium",
        "risk_score": 0.5,
        "risk_explanation": "The feature has low geometric confidence and should be checked before approval.",
        "recommended_action": "field_verification",
        "review_status": "field_required",
        "source": "baseline_geospatial_extraction",
        "risk_disclaimer": "Screening indicator from drone evidence; not a legal determination."
      },
      "geometry": {
        "type": "Polygon",
        "coordinates": [
          [
            [
              -70.9151235,
              41.6535038
            ],
            [
              -70.9151213,
              41.6534276
            ],
            [
              -70.9151093,
              41.6534278
            ],
            [
              -70.9151083,
              41.6533919
            ],
            [
              -70.9151142,
              41.6533918
            ],
            [
              -70.9151137,
              41.6533739
            ],
            [
              -70.9150898,
              41.6533743
            ],
            [
              -70.9150914,
              41.6534281
            ],
            [
              -70.9151033,
              41.6534279
            ],
            [
              -70.9151056,
              41.6535041
            ],
            [
              -70.9151235,
              41.6535038
            ]
          ]
        ]
      }
    },
    {
      "type": "Feature",
      "properties": {
        "feature_id": "VEG-011",
        "feature_type": "vegetation",
        "confidence": 0.608,
        "confidence_band": "medium",
        "evidence": [
          "vdvi_signal"
        ],
        "area_m2": 238.66,
        "risk_type": "possible_corridor_obstruction",
        "risk_severity": "medium",
        "risk_score": 0.63,
        "risk_explanation": "Dense vegetation touches a detected corridor and may hide its edge or obstruct access. A field check is recommended.",
        "recommended_action": "admin_review",
        "review_status": "unreviewed",
        "source": "baseline_geospatial_extraction",
        "risk_disclaimer": "Screening indicator from drone evidence; not a legal determination."
      },
      "geometry": {
        "type": "Polygon",
        "coordinates": [
          [
            [
              -70.915499,
              41.653659
            ],
            [
              -70.9154986,
              41.6536456
            ],
            [
              -70.9155046,
              41.6536455
            ],
            [
              -70.9155045,
              41.653641
            ],
            [
              -70.9155583,
              41.6536401
            ],
            [
              -70.9155581,
              41.6536356
            ],
            [
              -70.9155701,
              41.6536354
            ],
            [
              -70.91557,
              41.6536309
            ],
            [
              -70.915576,
              41.6536308
            ],
            [
              -70.9155757,
              41.6536218
            ],
            [
              -70.9155876,
              41.6536216
            ],
            [
              -70.915587,
              41.6535992
            ],
            [
              -70.915575,
              41.6535994
            ],
            [
              -70.9155749,
              41.6535949
            ],
            [
              -70.9154912,
              41.6535963
            ],
            [
              -70.9154903,
              41.653565
            ],
            [
              -70.9155381,
              41.6535642
            ],
            [
              -70.9155374,
              41.6535417
            ],
            [
              -70.9155613,
              41.6535413
            ],
            [
              -70.9155609,
              41.6535279
            ],
            [
              -70.915549,
              41.6535281
            ],
            [
              -70.9155487,
              41.6535191
            ],
            [
              -70.9154889,
              41.6535201
            ],
            [
              -70.9154881,
              41.6534932
            ],
            [
              -70.9154941,
              41.6534931
            ],
            [
              -70.915494,
              41.6534886
            ],
            [
              -70.9155059,
              41.6534884
            ],
            [
              -70.9155058,
              41.653484
            ],
            [
              -70.9155656,
              41.653483
            ],
            [
              -70.9155655,
              41.6534785
            ],
            [
              -70.9155834,
              41.6534782
            ],
            [
              -70.9155822,
              41.6534378
            ],
            [
              -70.9155104,
              41.653439
            ],
            [
              -70.9155103,
              41.6534345
            ],
            [
              -70.9154864,
              41.6534349
            ],
            [
              -70.9154857,
              41.6534125
            ],
            [
              -70.9154977,
              41.6534123
            ],
            [
              -70.9154976,
              41.6534078
            ],
            [
              -70.9155095,
              41.6534076
            ],
            [
              -70.9155094,
              41.6534031
            ],
            [
              -70.9155154,
              41.6534031
            ],
            [
              -70.9155152,
              41.6533986
            ],
            [
              -70.915581,
              41.6533975
            ],
            [
              -70.9155794,
              41.6533437
            ],
            [
              -70.9154897,
              41.6533452
            ],
            [
              -70.9154893,
              41.6533317
            ],
            [
              -70.9154654,
              41.6533321
            ],
            [
              -70.9154658,
              41.6533456
            ],
            [
              -70.9154538,
              41.6533458
            ],
            [
              -70.9154596,
              41.6535386
            ],
            [
              -70.9154536,
              41.6535387
            ],
            [
              -70.9154548,
              41.653579
            ],
            [
              -70.9154608,
              41.6535789
            ],
            [
              -70.9154616,
              41.6536058
            ],
            [
              -70.9154735,
              41.6536056
            ],
            [
              -70.9154751,
              41.6536594
            ],
            [
              -70.915499,
              41.653659
            ]
          ]
        ]
      }
    },
    {
      "type": "Feature",
      "properties": {
        "feature_id": "VEG-012",
        "feature_type": "vegetation",
        "confidence": 0.511,
        "confidence_band": "low",
        "evidence": [
          "vdvi_signal"
        ],
        "area_m2": 12.4,
        "risk_type": "low_geometry_reliability",
        "risk_severity": "medium",
        "risk_score": 0.5,
        "risk_explanation": "The feature has low geometric confidence and should be checked before approval.",
        "recommended_action": "field_verification",
        "review_status": "field_required",
        "source": "baseline_geospatial_extraction",
        "risk_disclaimer": "Screening indicator from drone evidence; not a legal determination."
      },
      "geometry": {
        "type": "Polygon",
        "coordinates": [
          [
            [
              -70.9153711,
              41.6533785
            ],
            [
              -70.91537,
              41.6533427
            ],
            [
              -70.915364,
              41.6533428
            ],
            [
              -70.9153638,
              41.6533338
            ],
            [
              -70.9153518,
              41.653334
            ],
            [
              -70.9153515,
              41.653325
            ],
            [
              -70.9153336,
              41.6533253
            ],
            [
              -70.9153344,
              41.6533522
            ],
            [
              -70.9153404,
              41.6533521
            ],
            [
              -70.9153406,
              41.6533611
            ],
            [
              -70.9153526,
              41.6533609
            ],
            [
              -70.9153531,
              41.6533788
            ],
            [
              -70.9153711,
              41.6533785
            ]
          ]
        ]
      }
    },
    {
      "type": "Feature",
      "properties": {
        "feature_id": "VEG-013",
        "feature_type": "vegetation",
        "confidence": 0.586,
        "confidence_band": "low",
        "evidence": [
          "vdvi_signal"
        ],
        "area_m2": 14.89,
        "risk_type": "possible_corridor_obstruction",
        "risk_severity": "medium",
        "risk_score": 0.63,
        "risk_explanation": "Dense vegetation touches a detected corridor and may hide its edge or obstruct access. A field check is recommended.",
        "recommended_action": "field_verification",
        "review_status": "field_required",
        "source": "baseline_geospatial_extraction",
        "risk_disclaimer": "Screening indicator from drone evidence; not a legal determination."
      },
      "geometry": {
        "type": "Polygon",
        "coordinates": [
          [
            [
              -70.9155546,
              41.6533127
            ],
            [
              -70.9155544,
              41.6533082
            ],
            [
              -70.9156023,
              41.6533074
            ],
            [
              -70.9156019,
              41.653294
            ],
            [
              -70.9155002,
              41.6532956
            ],
            [
              -70.9155007,
              41.6533136
            ],
            [
              -70.9155546,
              41.6533127
            ]
          ]
        ]
      }
    },
    {
      "type": "Feature",
      "properties": {
        "feature_id": "VEG-014",
        "feature_type": "vegetation",
        "confidence": 0.393,
        "confidence_band": "low",
        "evidence": [
          "vdvi_signal"
        ],
        "area_m2": 12.65,
        "risk_type": "possible_corridor_obstruction",
        "risk_severity": "medium",
        "risk_score": 0.63,
        "risk_explanation": "Dense vegetation touches a detected corridor and may hide its edge or obstruct access. A field check is recommended.",
        "recommended_action": "field_verification",
        "review_status": "field_required",
        "source": "baseline_geospatial_extraction",
        "risk_disclaimer": "Screening indicator from drone evidence; not a legal determination."
      },
      "geometry": {
        "type": "Polygon",
        "coordinates": [
          [
            [
              -70.9152908,
              41.6532947
            ],
            [
              -70.9152903,
              41.6532767
            ],
            [
              -70.9152066,
              41.6532781
            ],
            [
              -70.915207,
              41.6532916
            ],
            [
              -70.9152369,
              41.6532911
            ],
            [
              -70.915237,
              41.6532955
            ],
            [
              -70.9152908,
              41.6532947
            ]
          ]
        ]
      }
    },
    {
      "type": "Feature",
      "properties": {
        "feature_id": "SUR-001",
        "feature_type": "surface_corridor_candidate",
        "confidence": 0.712,
        "confidence_band": "medium",
        "evidence": [
          "near_ground_height",
          "low_vegetation_signal"
        ],
        "area_m2": 157.54,
        "risk_type": "no_automatic_conflict_detected",
        "risk_severity": "low",
        "risk_score": 0.2,
        "risk_explanation": "No immediate spatial conflict was found by the screening rules. Administrative review is still required.",
        "recommended_action": "admin_review",
        "review_status": "unreviewed",
        "source": "baseline_geospatial_extraction",
        "risk_disclaimer": "Screening indicator from drone evidence; not a legal determination."
      },
      "geometry": {
        "type": "Polygon",
        "coordinates": [
          [
            [
              -70.9144983,
              41.654205
            ],
            [
              -70.9144981,
              41.6542005
            ],
            [
              -70.9145101,
              41.6542003
            ],
            [
              -70.914509,
              41.6541645
            ],
            [
              -70.914515,
              41.6541644
            ],
            [
              -70.9145146,
              41.6541509
            ],
            [
              -70.9145206,
              41.6541508
            ],
            [
              -70.9145203,
              41.6541418
            ],
            [
              -70.9145382,
              41.6541415
            ],
            [
              -70.9145377,
              41.6541236
            ],
            [
              -70.9145437,
              41.6541235
            ],
            [
              -70.914543,
              41.6541011
            ],
            [
              -70.9145789,
              41.6541005
            ],
            [
              -70.9145782,
              41.6540781
            ],
            [
              -70.9145424,
              41.6540787
            ],
            [
              -70.9145421,
              41.6540697
            ],
            [
              -70.9145062,
              41.6540703
            ],
            [
              -70.9145065,
              41.6540793
            ],
            [
              -70.9144467,
              41.6540803
            ],
            [
              -70.9144464,
              41.6540713
            ],
            [
              -70.9144405,
              41.6540714
            ],
            [
              -70.9144403,
              41.6540669
            ],
            [
              -70.9144104,
              41.6540674
            ],
            [
              -70.9144111,
              41.6540898
            ],
            [
              -70.9144171,
              41.6540897
            ],
            [
              -70.9144183,
              41.6541301
            ],
            [
              -70.9143884,
              41.6541306
            ],
            [
              -70.9143888,
              41.654144
            ],
            [
              -70.9143828,
              41.6541441
            ],
            [
              -70.9143839,
              41.65418
            ],
            [
              -70.9144137,
              41.6541795
            ],
            [
              -70.9144145,
              41.6542064
            ],
            [
              -70.9144983,
              41.654205
            ]
          ]
        ]
      }
    },
    {
      "type": "Feature",
      "properties": {
        "feature_id": "SUR-002",
        "feature_type": "surface_corridor_candidate",
        "confidence": 0.751,
        "confidence_band": "medium",
        "evidence": [
          "near_ground_height",
          "low_vegetation_signal"
        ],
        "area_m2": 89.81,
        "risk_type": "no_automatic_conflict_detected",
        "risk_severity": "low",
        "risk_score": 0.2,
        "risk_explanation": "No immediate spatial conflict was found by the screening rules. Administrative review is still required.",
        "recommended_action": "admin_review",
        "review_status": "unreviewed",
        "source": "baseline_geospatial_extraction",
        "risk_disclaimer": "Screening indicator from drone evidence; not a legal determination."
      },
      "geometry": {
        "type": "Polygon",
        "coordinates": [
          [
            [
              -70.91424,
              41.6541689
            ],
            [
              -70.9142384,
              41.6541151
            ],
            [
              -70.9142085,
              41.6541156
            ],
            [
              -70.9142071,
              41.6540708
            ],
            [
              -70.9142131,
              41.6540707
            ],
            [
              -70.9142121,
              41.6540348
            ],
            [
              -70.9142001,
              41.654035
            ],
            [
              -70.9141998,
              41.6540261
            ],
            [
              -70.91414,
              41.6540271
            ],
            [
              -70.9141399,
              41.6540226
            ],
            [
              -70.9140861,
              41.6540235
            ],
            [
              -70.9140868,
              41.6540459
            ],
            [
              -70.9141107,
              41.6540455
            ],
            [
              -70.9141109,
              41.6540545
            ],
            [
              -70.9141648,
              41.6540536
            ],
            [
              -70.9141669,
              41.6541253
            ],
            [
              -70.9141609,
              41.6541254
            ],
            [
              -70.9141616,
              41.6541478
            ],
            [
              -70.9141675,
              41.6541477
            ],
            [
              -70.9141679,
              41.6541612
            ],
            [
              -70.9142038,
              41.6541606
            ],
            [
              -70.9142041,
              41.6541695
            ],
            [
              -70.91424,
              41.6541689
            ]
          ]
        ]
      }
    },
    {
      "type": "Feature",
      "properties": {
        "feature_id": "SUR-003",
        "feature_type": "surface_corridor_candidate",
        "confidence": 0.676,
        "confidence_band": "medium",
        "evidence": [
          "near_ground_height",
          "low_vegetation_signal"
        ],
        "area_m2": 83.36,
        "risk_type": "no_automatic_conflict_detected",
        "risk_severity": "low",
        "risk_score": 0.2,
        "risk_explanation": "No immediate spatial conflict was found by the screening rules. Administrative review is still required.",
        "recommended_action": "admin_review",
        "review_status": "unreviewed",
        "source": "baseline_geospatial_extraction",
        "risk_disclaimer": "Screening indicator from drone evidence; not a legal determination."
      },
      "geometry": {
        "type": "Polygon",
        "coordinates": [
          [
            [
              -70.9147447,
              41.6540439
            ],
            [
              -70.9147446,
              41.6540394
            ],
            [
              -70.9147506,
              41.6540393
            ],
            [
              -70.9147504,
              41.6540348
            ],
            [
              -70.9147684,
              41.6540345
            ],
            [
              -70.9147682,
              41.65403
            ],
            [
              -70.9147742,
              41.6540299
            ],
            [
              -70.914773,
              41.6539896
            ],
            [
              -70.914767,
              41.6539897
            ],
            [
              -70.9147669,
              41.6539852
            ],
            [
              -70.914737,
              41.6539857
            ],
            [
              -70.9147369,
              41.6539812
            ],
            [
              -70.9147309,
              41.6539813
            ],
            [
              -70.9147308,
              41.6539768
            ],
            [
              -70.9147248,
              41.6539769
            ],
            [
              -70.9147247,
              41.6539725
            ],
            [
              -70.9147187,
              41.6539726
            ],
            [
              -70.9147185,
              41.6539681
            ],
            [
              -70.9146348,
              41.6539695
            ],
            [
              -70.9146355,
              41.6539919
            ],
            [
              -70.9146415,
              41.6539918
            ],
            [
              -70.9146428,
              41.6540366
            ],
            [
              -70.9146488,
              41.6540365
            ],
            [
              -70.9146491,
              41.6540455
            ],
            [
              -70.9147447,
              41.6540439
            ]
          ]
        ]
      }
    },
    {
      "type": "Feature",
      "properties": {
        "feature_id": "SUR-004",
        "feature_type": "surface_corridor_candidate",
        "confidence": 0.684,
        "confidence_band": "medium",
        "evidence": [
          "near_ground_height",
          "low_vegetation_signal"
        ],
        "area_m2": 82.37,
        "risk_type": "no_automatic_conflict_detected",
        "risk_severity": "low",
        "risk_score": 0.2,
        "risk_explanation": "No immediate spatial conflict was found by the screening rules. Administrative review is still required.",
        "recommended_action": "admin_review",
        "review_status": "unreviewed",
        "source": "baseline_geospatial_extraction",
        "risk_disclaimer": "Screening indicator from drone evidence; not a legal determination."
      },
      "geometry": {
        "type": "Polygon",
        "coordinates": [
          [
            [
              -70.9137576,
              41.6540424
            ],
            [
              -70.9137574,
              41.6540334
            ],
            [
              -70.9137634,
              41.6540333
            ],
            [
              -70.9137628,
              41.6540154
            ],
            [
              -70.9138226,
              41.6540144
            ],
            [
              -70.9138223,
              41.6540054
            ],
            [
              -70.9138283,
              41.6540053
            ],
            [
              -70.9138282,
              41.6540009
            ],
            [
              -70.91387,
              41.6540002
            ],
            [
              -70.9138685,
              41.6539464
            ],
            [
              -70.9138326,
              41.6539469
            ],
            [
              -70.9138324,
              41.6539425
            ],
            [
              -70.9138265,
              41.6539426
            ],
            [
              -70.9138263,
              41.6539381
            ],
            [
              -70.9138204,
              41.6539382
            ],
            [
              -70.9138201,
              41.6539292
            ],
            [
              -70.9137902,
              41.6539297
            ],
            [
              -70.9137906,
              41.6539432
            ],
            [
              -70.9137846,
              41.6539433
            ],
            [
              -70.9137853,
              41.6539657
            ],
            [
              -70.9137554,
              41.6539662
            ],
            [
              -70.9137556,
              41.6539751
            ],
            [
              -70.9137497,
              41.6539752
            ],
            [
              -70.9137498,
              41.6539797
            ],
            [
              -70.9137438,
              41.6539798
            ],
            [
              -70.913744,
              41.6539843
            ],
            [
              -70.913738,
              41.6539844
            ],
            [
              -70.9137384,
              41.6539979
            ],
            [
              -70.9137264,
              41.6539981
            ],
            [
              -70.9137277,
              41.6540429
            ],
            [
              -70.9137576,
              41.6540424
            ]
          ]
        ]
      }
    },
    {
      "type": "Feature",
      "properties": {
        "feature_id": "SUR-005",
        "feature_type": "surface_corridor_candidate",
        "confidence": 0.847,
        "confidence_band": "high",
        "evidence": [
          "near_ground_height",
          "low_vegetation_signal"
        ],
        "area_m2": 32.5,
        "risk_type": "no_automatic_conflict_detected",
        "risk_severity": "low",
        "risk_score": 0.2,
        "risk_explanation": "No immediate spatial conflict was found by the screening rules. Administrative review is still required.",
        "recommended_action": "ready_for_review",
        "review_status": "unreviewed",
        "source": "baseline_geospatial_extraction",
        "risk_disclaimer": "Screening indicator from drone evidence; not a legal determination."
      },
      "geometry": {
        "type": "Polygon",
        "coordinates": [
          [
            [
              -70.9156334,
              41.653751
            ],
            [
              -70.9156332,
              41.6537465
            ],
            [
              -70.9156512,
              41.6537462
            ],
            [
              -70.9156497,
              41.6536969
            ],
            [
              -70.9156258,
              41.6536973
            ],
            [
              -70.9156256,
              41.6536928
            ],
            [
              -70.9155957,
              41.6536933
            ],
            [
              -70.9155967,
              41.6537247
            ],
            [
              -70.9155907,
              41.6537248
            ],
            [
              -70.9155908,
              41.6537292
            ],
            [
              -70.9155729,
              41.6537295
            ],
            [
              -70.9155736,
              41.653752
            ],
            [
              -70.9156334,
              41.653751
            ]
          ]
        ]
      }
    },
    {
      "type": "Feature",
      "properties": {
        "feature_id": "SUR-006",
        "feature_type": "surface_corridor_candidate",
        "confidence": 0.828,
        "confidence_band": "high",
        "evidence": [
          "near_ground_height",
          "low_vegetation_signal"
        ],
        "area_m2": 30.27,
        "risk_type": "no_automatic_conflict_detected",
        "risk_severity": "low",
        "risk_score": 0.2,
        "risk_explanation": "No immediate spatial conflict was found by the screening rules. Administrative review is still required.",
        "recommended_action": "ready_for_review",
        "review_status": "unreviewed",
        "source": "baseline_geospatial_extraction",
        "risk_disclaimer": "Screening indicator from drone evidence; not a legal determination."
      },
      "geometry": {
        "type": "Polygon",
        "coordinates": [
          [
            [
              -70.9149945,
              41.6535912
            ],
            [
              -70.9149936,
              41.6535598
            ],
            [
              -70.9149876,
              41.6535599
            ],
            [
              -70.9149873,
              41.6535509
            ],
            [
              -70.9149096,
              41.6535522
            ],
            [
              -70.9149105,
              41.6535836
            ],
            [
              -70.9149165,
              41.6535835
            ],
            [
              -70.9149168,
              41.6535925
            ],
            [
              -70.9149945,
              41.6535912
            ]
          ]
        ]
      }
    },
    {
      "type": "Feature",
      "properties": {
        "feature_id": "SUR-007",
        "feature_type": "surface_corridor_candidate",
        "confidence": 0.822,
        "confidence_band": "high",
        "evidence": [
          "near_ground_height",
          "low_vegetation_signal"
        ],
        "area_m2": 204.43,
        "risk_type": "no_automatic_conflict_detected",
        "risk_severity": "low",
        "risk_score": 0.2,
        "risk_explanation": "No immediate spatial conflict was found by the screening rules. Administrative review is still required.",
        "recommended_action": "ready_for_review",
        "review_status": "unreviewed",
        "source": "baseline_geospatial_extraction",
        "risk_disclaimer": "Screening indicator from drone evidence; not a legal determination."
      },
      "geometry": {
        "type": "Polygon",
        "coordinates": [
          [
            [
              -70.9137089,
              41.65381
            ],
            [
              -70.9137076,
              41.6537651
            ],
            [
              -70.9138212,
              41.6537632
            ],
            [
              -70.9138209,
              41.6537543
            ],
            [
              -70.9138269,
              41.6537542
            ],
            [
              -70.9138267,
              41.6537497
            ],
            [
              -70.9138447,
              41.6537494
            ],
            [
              -70.9138445,
              41.6537449
            ],
            [
              -70.9138625,
              41.6537446
            ],
            [
              -70.9138618,
              41.6537222
            ],
            [
              -70.9138558,
              41.6537223
            ],
            [
              -70.9138557,
              41.6537178
            ],
            [
              -70.9138497,
              41.6537179
            ],
            [
              -70.9138496,
              41.6537134
            ],
            [
              -70.9138077,
              41.6537141
            ],
            [
              -70.9138064,
              41.6536693
            ],
            [
              -70.9137945,
              41.6536695
            ],
            [
              -70.9137934,
              41.6536336
            ],
            [
              -70.9137216,
              41.6536348
            ],
            [
              -70.9137215,
              41.6536303
            ],
            [
              -70.9137096,
              41.6536305
            ],
            [
              -70.9137076,
              41.6535633
            ],
            [
              -70.9136777,
              41.6535638
            ],
            [
              -70.9136778,
              41.6535682
            ],
            [
              -70.9136658,
              41.6535684
            ],
            [
              -70.9136674,
              41.6536222
            ],
            [
              -70.9136794,
              41.653622
            ],
            [
              -70.9136797,
              41.653631
            ],
            [
              -70.9136916,
              41.6536308
            ],
            [
              -70.9136936,
              41.6536981
            ],
            [
              -70.9136816,
              41.6536983
            ],
            [
              -70.9136822,
              41.6537162
            ],
            [
              -70.9136702,
              41.6537164
            ],
            [
              -70.913673,
              41.6538105
            ],
            [
              -70.9137089,
              41.65381
            ]
          ]
        ]
      }
    },
    {
      "type": "Feature",
      "properties": {
        "feature_id": "SUR-008",
        "feature_type": "surface_corridor_candidate",
        "confidence": 0.81,
        "confidence_band": "high",
        "evidence": [
          "near_ground_height",
          "low_vegetation_signal"
        ],
        "area_m2": 28.53,
        "risk_type": "no_automatic_conflict_detected",
        "risk_severity": "low",
        "risk_score": 0.2,
        "risk_explanation": "No immediate spatial conflict was found by the screening rules. Administrative review is still required.",
        "recommended_action": "ready_for_review",
        "review_status": "unreviewed",
        "source": "baseline_geospatial_extraction",
        "risk_disclaimer": "Screening indicator from drone evidence; not a legal determination."
      },
      "geometry": {
        "type": "Polygon",
        "coordinates": [
          [
            [
              -70.9149798,
              41.6534972
            ],
            [
              -70.9149796,
              41.6534927
            ],
            [
              -70.9149976,
              41.6534924
            ],
            [
              -70.9149969,
              41.65347
            ],
            [
              -70.914973,
              41.6534704
            ],
            [
              -70.9149722,
              41.6534435
            ],
            [
              -70.9149662,
              41.6534436
            ],
            [
              -70.9149661,
              41.6534391
            ],
            [
              -70.9149362,
              41.6534396
            ],
            [
              -70.914937,
              41.6534665
            ],
            [
              -70.914931,
              41.6534666
            ],
            [
              -70.9149313,
              41.6534756
            ],
            [
              -70.9149193,
              41.6534758
            ],
            [
              -70.91492,
              41.6534982
            ],
            [
              -70.9149798,
              41.6534972
            ]
          ]
        ]
      }
    },
    {
      "type": "Feature",
      "properties": {
        "feature_id": "SUR-009",
        "feature_type": "surface_corridor_candidate",
        "confidence": 0.842,
        "confidence_band": "high",
        "evidence": [
          "near_ground_height",
          "low_vegetation_signal"
        ],
        "area_m2": 98.99,
        "risk_type": "no_automatic_conflict_detected",
        "risk_severity": "low",
        "risk_score": 0.2,
        "risk_explanation": "No immediate spatial conflict was found by the screening rules. Administrative review is still required.",
        "recommended_action": "ready_for_review",
        "review_status": "unreviewed",
        "source": "baseline_geospatial_extraction",
        "risk_disclaimer": "Screening indicator from drone evidence; not a legal determination."
      },
      "geometry": {
        "type": "Polygon",
        "coordinates": [
          [
            [
              -70.9156244,
              41.6536524
            ],
            [
              -70.9156226,
              41.6535897
            ],
            [
              -70.9156345,
              41.6535895
            ],
            [
              -70.915634,
              41.6535715
            ],
            [
              -70.9157177,
              41.6535701
            ],
            [
              -70.9157169,
              41.6535432
            ],
            [
              -70.9156213,
              41.6535448
            ],
            [
              -70.9156166,
              41.6533879
            ],
            [
              -70.9155867,
              41.6533884
            ],
            [
              -70.9155946,
              41.6536529
            ],
            [
              -70.9156244,
              41.6536524
            ]
          ]
        ]
      }
    },
    {
      "type": "Feature",
      "properties": {
        "feature_id": "SUR-010",
        "feature_type": "surface_corridor_candidate",
        "confidence": 0.788,
        "confidence_band": "medium",
        "evidence": [
          "near_ground_height",
          "low_vegetation_signal"
        ],
        "area_m2": 44.66,
        "risk_type": "no_automatic_conflict_detected",
        "risk_severity": "low",
        "risk_score": 0.2,
        "risk_explanation": "No immediate spatial conflict was found by the screening rules. Administrative review is still required.",
        "recommended_action": "admin_review",
        "review_status": "unreviewed",
        "source": "baseline_geospatial_extraction",
        "risk_disclaimer": "Screening indicator from drone evidence; not a legal determination."
      },
      "geometry": {
        "type": "Polygon",
        "coordinates": [
          [
            [
              -70.9152115,
              41.653444
            ],
            [
              -70.9152072,
              41.6533005
            ],
            [
              -70.9151773,
              41.653301
            ],
            [
              -70.9151777,
              41.6533145
            ],
            [
              -70.9151718,
              41.6533146
            ],
            [
              -70.9151731,
              41.6533594
            ],
            [
              -70.9151791,
              41.6533593
            ],
            [
              -70.9151809,
              41.6534221
            ],
            [
              -70.915169,
              41.6534223
            ],
            [
              -70.9151696,
              41.6534447
            ],
            [
              -70.9152115,
              41.653444
            ]
          ]
        ]
      }
    },
    {
      "type": "Feature",
      "properties": {
        "feature_id": "SUR-011",
        "feature_type": "surface_corridor_candidate",
        "confidence": 0.815,
        "confidence_band": "high",
        "evidence": [
          "near_ground_height",
          "low_vegetation_signal"
        ],
        "area_m2": 88903.08,
        "risk_type": "no_automatic_conflict_detected",
        "risk_severity": "low",
        "risk_score": 0.2,
        "risk_explanation": "No immediate spatial conflict was found by the screening rules. Administrative review is still required.",
        "recommended_action": "ready_for_review",
        "review_status": "unreviewed",
        "source": "baseline_geospatial_extraction",
        "risk_disclaimer": "Screening indicator from drone evidence; not a legal determination."
      },
      "geometry": {
        "type": "Polygon",
        "coordinates": [
          [
            [
              -70.9149762,
              41.6541836
            ],
            [
              -70.9149745,
              41.6541253
            ],
            [
              -70.9149625,
              41.6541255
            ],
            [
              -70.9149602,
              41.6540493
            ],
            [
              -70.915026,
              41.6540482
            ],
            [
              -70.9150261,
              41.6540527
            ],
            [
              -70.9150381,
              41.6540525
            ],
            [
              -70.9150384,
              41.6540614
            ],
            [
              -70.9150563,
              41.6540611
            ],
            [
              -70.9150564,
              41.6540656
            ],
            [
              -70.9150624,
              41.6540655
            ],
            [
              -70.9150627,
              41.6540745
            ],
            [
              -70.9151045,
              41.6540738
            ],
            [
              -70.9151043,
              41.6540648
            ],
            [
              -70.9151162,
              41.6540646
            ],
            [
              -70.9151157,
              41.6540467
            ],
            [
              -70.9151217,
              41.6540466
            ],
            [
              -70.9151209,
              41.6540197
            ],
            [
              -70.9151089,
              41.6540199
            ],
            [
              -70.9151088,
              41.6540154
            ],
            [
              -70.9151028,
              41.6540155
            ],
            [
              -70.9151025,
              41.6540065
            ],
            [
              -70.9150966,
              41.6540066
            ],
            [
              -70.9150962,
              41.6539932
            ],
            [
              -70.9150902,
              41.6539933
            ],
            [
              -70.9150901,
              41.6539888
            ],
            [
              -70.9150841,
              41.6539889
            ],
            [
              -70.9150839,
              41.6539844
            ],
            [
              -70.915078,
              41.6539845
            ],
            [
              -70.9150778,
              41.65398
            ],
            [
              -70.9150718,
              41.6539801
            ],
            [
              -70.9150713,
              41.6539622
            ],
            [
              -70.9150653,
              41.6539623
            ],
            [
              -70.9150652,
              41.6539578
            ],
            [
              -70.9150592,
              41.6539579
            ],
            [
              -70.9150574,
              41.6538951
            ],
            [
              -70.9150334,
              41.6538955
            ],
            [
              -70.9150333,
              41.6538911
            ],
            [
              -70.9149855,
              41.6538919
            ],
            [
              -70.9149854,
              41.6538874
            ],
            [
              -70.9149555,
              41.6538879
            ],
            [
              -70.9149553,
              41.6538834
            ],
            [
              -70.9149493,
              41.6538835
            ],
            [
              -70.9149492,
              41.653879
            ],
            [
              -70.9149373,
              41.6538792
            ],
            [
              -70.9149367,
              41.6538613
            ],
            [
              -70.9149307,
              41.6538614
            ],
            [
              -70.9149293,
              41.653812
            ],
            [
              -70.9149592,
              41.6538115
            ],
            [
              -70.9149586,
              41.6537936
            ],
            [
              -70.9149885,
              41.6537931
            ],
            [
              -70.9149884,
              41.6537886
            ],
            [
              -70.9149944,
              41.6537885
            ],
            [
              -70.9149941,
              41.6537796
            ],
            [
              -70.9150001,
              41.6537795
            ],
            [
              -70.915,
              41.653775
            ],
            [
              -70.9150119,
              41.6537748
            ],
            [
              -70.915011,
              41.6537434
            ],
            [
              -70.915023,
              41.6537432
            ],
            [
              -70.9150215,
              41.6536939
            ],
            [
              -70.9150813,
              41.6536929
            ],
            [
              -70.9150829,
              41.6537467
            ],
            [
              -70.9150889,
              41.6537466
            ],
            [
              -70.915089,
              41.6537511
            ],
            [
              -70.915095,
              41.653751
            ],
            [
              -70.9150951,
              41.6537555
            ],
            [
              -70.915137,
              41.6537548
            ],
            [
              -70.9151368,
              41.6537503
            ],
            [
              -70.9152923,
              41.6537477
            ],
            [
              -70.9152936,
              41.6537925
            ],
            [
              -70.9153654,
              41.6537913
            ],
            [
              -70.9153662,
              41.6538182
            ],
            [
              -70.915396,
              41.6538177
            ],
            [
              -70.9153958,
              41.6538088
            ],
            [
              -70.9154018,
              41.6538087
            ],
            [
              -70.9154011,
              41.6537862
            ],
            [
              -70.915419,
              41.6537859
            ],
            [
              -70.9154181,
              41.6537546
            ],
            [
              -70.9154899,
              41.6537534
            ],
            [
              -70.9154892,
              41.6537309
            ],
            [
              -70.9152979,
              41.6537341
            ],
            [
              -70.9152952,
              41.6536445
            ],
            [
              -70.9152533,
              41.6536452
            ],
            [
              -70.9152532,
              41.6536407
            ],
            [
              -70.9152293,
              41.6536411
            ],
            [
              -70.9152269,
              41.6535604
            ],
            [
              -70.9152149,
              41.6535606
            ],
            [
              -70.9152139,
              41.6535247
            ],
            [
              -70.915184,
              41.6535252
            ],
            [
              -70.9151849,
              41.6535566
            ],
            [
              -70.9151789,
              41.6535567
            ],
            [
              -70.9151791,
              41.6535612
            ],
            [
              -70.9151492,
              41.6535617
            ],
            [
              -70.9151506,
              41.653611
            ],
            [
              -70.9151746,
              41.6536106
            ],
            [
              -70.9151747,
              41.6536151
            ],
            [
              -70.9151926,
              41.6536148
            ],
            [
              -70.9151953,
              41.6537044
            ],
            [
              -70.9151893,
              41.6537045
            ],
            [
              -70.91519,
              41.653727
            ],
            [
              -70.9151362,
              41.6537279
            ],
            [
              -70.915136,
              41.6537234
            ],
            [
              -70.91513,
              41.6537235
            ],
            [
              -70.9151298,
              41.6537145
            ],
            [
              -70.9151118,
              41.6537148
            ],
            [
              -70.9151087,
              41.6536072
            ],
            [
              -70.9150608,
              41.653608
            ],
            [
              -70.9150618,
              41.6536394
            ],
            [
              -70.9150558,
              41.6536395
            ],
            [
              -70.9150559,
              41.653644
            ],
            [
              -70.9150499,
              41.6536441
            ],
            [
              -70.9150506,
              41.6536665
            ],
            [
              -70.9149968,
              41.6536674
            ],
            [
              -70.9149961,
              41.653645
            ],
            [
              -70.9149901,
              41.6536451
            ],
            [
              -70.91499,
              41.6536406
            ],
            [
              -70.914978,
              41.6536408
            ],
            [
              -70.9149779,
              41.6536363
            ],
            [
              -70.9149301,
              41.6536371
            ],
            [
              -70.9149299,
              41.6536326
            ],
            [
              -70.914912,
              41.6536329
            ],
            [
              -70.9149117,
              41.6536239
            ],
            [
              -70.9148041,
              41.6536257
            ],
            [
              -70.9148043,
              41.6536302
            ],
            [
              -70.9147983,
              41.6536303
            ],
            [
              -70.9147995,
              41.6536707
            ],
            [
              -70.9147397,
              41.6536717
            ],
            [
              -70.9147395,
              41.6536672
            ],
            [
              -70.9147336,
              41.6536673
            ],
            [
              -70.9147334,
              41.6536628
            ],
            [
              -70.9147275,
              41.6536629
            ],
            [
              -70.9147273,
              41.6536584
            ],
            [
              -70.9147213,
              41.6536585
            ],
            [
              -70.9147212,
              41.653654
            ],
            [
              -70.9147093,
              41.6536542
            ],
            [
              -70.9147091,
              41.6536497
            ],
            [
              -70.9147031,
              41.6536498
            ],
            [
              -70.914703,
              41.6536454
            ],
            [
              -70.914697,
              41.6536455
            ],
            [
              -70.9146969,
              41.653641
            ],
            [
              -70.9146909,
              41.6536411
            ],
            [
              -70.9146908,
              41.6536366
            ],
            [
              -70.9146848,
              41.6536367
            ],
            [
              -70.9146827,
              41.653565
            ],
            [
              -70.9146767,
              41.6535651
            ],
            [
              -70.9146752,
              41.6535157
            ],
            [
              -70.9146812,
              41.6535156
            ],
            [
              -70.9146811,
              41.6535112
            ],
            [
              -70.914705,
              41.6535108
            ],
            [
              -70.9147039,
              41.6534749
            ],
            [
              -70.914698,
              41.653475
            ],
            [
              -70.9146978,
              41.6534705
            ],
            [
              -70.9146918,
              41.6534706
            ],
            [
              -70.9146917,
              41.6534661
            ],
            [
              -70.9146857,
              41.6534662
            ],
            [
              -70.9146856,
              41.6534617
            ],
            [
              -70.9146796,
              41.6534618
            ],
            [
              -70.9146792,
              41.6534484
            ],
            [
              -70.9146732,
              41.6534485
            ],
            [
              -70.9146731,
              41.653444
            ],
            [
              -70.9146671,
              41.6534441
            ],
            [
              -70.9146667,
              41.6534307
            ],
            [
              -70.9146608,
              41.6534308
            ],
            [
              -70.9146594,
              41.6533859
            ],
            [
              -70.9146535,
              41.653386
            ],
            [
              -70.9146528,
              41.6533636
            ],
            [
              -70.9146468,
              41.6533637
            ],
            [
              -70.9146465,
              41.6533547
            ],
            [
              -70.9146406,
              41.6533548
            ],
            [
              -70.9146403,
              41.6533459
            ],
            [
              -70.9146343,
              41.653346
            ],
            [
              -70.9146342,
              41.6533415
            ],
            [
              -70.9146282,
              41.6533416
            ],
            [
              -70.9146279,
              41.6533326
            ],
            [
              -70.914622,
              41.6533327
            ],
            [
              -70.9146218,
              41.6533282
            ],
            [
              -70.9146158,
              41.6533283
            ],
            [
              -70.9146157,
              41.6533238
            ],
            [
              -70.9146097,
              41.6533239
            ],
            [
              -70.9146096,
              41.6533195
            ],
            [
              -70.9146036,
              41.6533196
            ],
            [
              -70.9146035,
              41.6533151
            ],
            [
              -70.9145975,
              41.6533152
            ],
            [
              -70.9145972,
              41.6533062
            ],
            [
              -70.9145913,
              41.6533063
            ],
            [
              -70.9145911,
              41.6533018
            ],
            [
              -70.9145852,
              41.6533019
            ],
            [
              -70.914585,
              41.6532974
            ],
            [
              -70.9145731,
              41.6532976
            ],
            [
              -70.9145729,
              41.6532932
            ],
            [
              -70.914561,
              41.6532934
            ],
            [
              -70.9145608,
              41.6532889
            ],
            [
              -70.9145549,
              41.653289
            ],
            [
              -70.9145547,
              41.6532845
            ],
            [
              -70.9145488,
              41.6532846
            ],
            [
              -70.9145486,
              41.6532801
            ],
            [
              -70.9145367,
              41.6532803
            ],
            [
              -70.9145365,
              41.6532758
            ],
            [
              -70.9145246,
              41.653276
            ],
            [
              -70.9145244,
              41.6532715
            ],
            [
              -70.9145185,
              41.6532716
            ],
            [
              -70.9145183,
              41.6532672
            ],
            [
              -70.9145123,
              41.6532673
            ],
            [
              -70.9145122,
              41.6532628
            ],
            [
              -70.9144943,
              41.6532631
            ],
            [
              -70.9144941,
              41.6532586
            ],
            [
              -70.9144822,
              41.6532588
            ],
            [
              -70.9144821,
              41.6532543
            ],
            [
              -70.9144701,
              41.6532545
            ],
            [
              -70.91447,
              41.65325
            ],
            [
              -70.914446,
              41.6532504
            ],
            [
              -70.9144459,
              41.6532459
            ],
            [
              -70.914434,
              41.6532461
            ],
            [
              -70.9144338,
              41.6532416
            ],
            [
              -70.9144159,
              41.6532419
            ],
            [
              -70.9144158,
              41.6532375
            ],
            [
              -70.9144038,
              41.6532377
            ],
            [
              -70.9144037,
              41.6532332
            ],
            [
              -70.9143738,
              41.6532337
            ],
            [
              -70.9143736,
              41.6532292
            ],
            [
              -70.9143557,
              41.6532295
            ],
            [
              -70.9143556,
              41.653225
            ],
            [
              -70.9142838,
              41.6532262
            ],
            [
              -70.9142837,
              41.6532217
            ],
            [
              -70.9142239,
              41.6532227
            ],
            [
              -70.914224,
              41.6532272
            ],
            [
              -70.9141583,
              41.6532283
            ],
            [
              -70.9141584,
              41.6532328
            ],
            [
              -70.9140508,
              41.6532346
            ],
            [
              -70.9140506,
              41.6532301
            ],
            [
              -70.9140447,
              41.6532302
            ],
            [
              -70.9140435,
              41.6531898
            ],
            [
              -70.9140494,
              41.6531897
            ],
            [
              -70.914049,
              41.6531763
            ],
            [
              -70.914055,
              41.6531762
            ],
            [
              -70.9140549,
              41.6531717
            ],
            [
              -70.9140609,
              41.6531716
            ],
            [
              -70.9140602,
              41.6531492
            ],
            [
              -70.9140662,
              41.6531491
            ],
            [
              -70.914066,
              41.6531446
            ],
            [
              -70.914078,
              41.6531444
            ],
            [
              -70.9140779,
              41.6531399
            ],
            [
              -70.9141078,
              41.6531394
            ],
            [
              -70.9141076,
              41.6531349
            ],
            [
              -70.9141136,
              41.6531348
            ],
            [
              -70.9141131,
              41.6531169
            ],
            [
              -70.9141191,
              41.6531168
            ],
            [
              -70.9141189,
              41.6531123
            ],
            [
              -70.9141249,
              41.6531122
            ],
            [
              -70.9141248,
              41.6531077
            ],
            [
              -70.9141308,
              41.6531076
            ],
            [
              -70.9141304,
              41.6530942
            ],
            [
              -70.9141423,
              41.653094
            ],
            [
              -70.9141422,
              41.6530895
            ],
            [
              -70.9141482,
              41.6530894
            ],
            [
              -70.9141478,
              41.653076
            ],
            [
              -70.9141537,
              41.6530759
            ],
            [
              -70.9141536,
              41.6530714
            ],
            [
              -70.9141596,
              41.6530713
            ],
            [
              -70.9141595,
              41.6530668
            ],
            [
              -70.9141654,
              41.6530667
            ],
            [
              -70.9141652,
              41.6530577
            ],
            [
              -70.9141711,
              41.6530576
            ],
            [
              -70.9141709,
              41.6530487
            ],
            [
              -70.9141769,
              41.6530486
            ],
            [
              -70.9141765,
              41.6530351
            ],
            [
              -70.9141824,
              41.653035
            ],
            [
              -70.9141823,
              41.6530305
            ],
            [
              -70.9142062,
              41.6530301
            ],
            [
              -70.9142061,
              41.6530256
            ],
            [
              -70.9142121,
              41.6530255
            ],
            [
              -70.9142117,
              41.6530121
            ],
            [
              -70.9142177,
              41.653012
            ],
            [
              -70.9142171,
              41.6529941
            ],
            [
              -70.9142231,
              41.652994
            ],
            [
              -70.9142227,
              41.6529805
            ],
            [
              -70.9142287,
              41.6529804
            ],
            [
              -70.9142284,
              41.6529714
            ],
            [
              -70.9142344,
              41.6529713
            ],
            [
              -70.9142343,
              41.6529669
            ],
            [
              -70.9142402,
              41.6529668
            ],
            [
              -70.91424,
              41.6529578
            ],
            [
              -70.914246,
              41.6529577
            ],
            [
              -70.9142457,
              41.6529487
            ],
            [
              -70.9142517,
              41.6529486
            ],
            [
              -70.9142515,
              41.6529441
            ],
            [
              -70.9142575,
              41.652944
            ],
            [
              -70.9142574,
              41.6529396
            ],
            [
              -70.9142634,
              41.6529395
            ],
            [
              -70.9142631,
              41.6529305
            ],
            [
              -70.9142691,
              41.6529304
            ],
            [
              -70.9142687,
              41.6529169
            ],
            [
              -70.9143225,
              41.652916
            ],
            [
              -70.9143214,
              41.6528802
            ],
            [
              -70.9143812,
              41.6528792
            ],
            [
              -70.9143795,
              41.6528209
            ],
            [
              -70.9143974,
              41.6528206
            ],
            [
              -70.9143972,
              41.6528116
            ],
            [
              -70.9144091,
              41.6528114
            ],
            [
              -70.914409,
              41.6528069
            ],
            [
              -70.9144269,
              41.6528066
            ],
            [
              -70.9144268,
              41.6528022
            ],
            [
              -70.9144328,
              41.6528021
            ],
            [
              -70.9144326,
              41.6527976
            ],
            [
              -70.9144386,
              41.6527975
            ],
            [
              -70.9144382,
              41.652784
            ],
            [
              -70.9144502,
              41.6527838
            ],
            [
              -70.91445,
              41.6527793
            ],
            [
              -70.914456,
              41.6527792
            ],
            [
              -70.9144559,
              41.6527748
            ],
            [
              -70.9144858,
              41.6527743
            ],
            [
              -70.9144845,
              41.6527294
            ],
            [
              -70.9146279,
              41.652727
            ],
            [
              -70.9146294,
              41.6527764
            ],
            [
              -70.9146234,
              41.6527765
            ],
            [
              -70.9146237,
              41.6527854
            ],
            [
              -70.9146177,
              41.6527855
            ],
            [
              -70.9146178,
              41.65279
            ],
            [
              -70.9146119,
              41.6527901
            ],
            [
              -70.914612,
              41.6527946
            ],
            [
              -70.914606,
              41.6527947
            ],
            [
              -70.9146071,
              41.6528306
            ],
            [
              -70.9145951,
              41.6528308
            ],
            [
              -70.9145962,
              41.6528666
            ],
            [
              -70.9145842,
              41.6528668
            ],
            [
              -70.9145844,
              41.6528713
            ],
            [
              -70.9145784,
              41.6528714
            ],
            [
              -70.9145792,
              41.6528983
            ],
            [
              -70.9145852,
              41.6528982
            ],
            [
              -70.9145853,
              41.6529027
            ],
            [
              -70.9145973,
              41.6529025
            ],
            [
              -70.9145988,
              41.6529563
            ],
            [
              -70.914551,
              41.6529571
            ],
            [
              -70.9145511,
              41.6529616
            ],
            [
              -70.9145093,
              41.6529623
            ],
            [
              -70.9145094,
              41.6529668
            ],
            [
              -70.9144496,
              41.6529678
            ],
            [
              -70.9144504,
              41.6529947
            ],
            [
              -70.9144624,
              41.6529945
            ],
            [
              -70.9144629,
              41.6530124
            ],
            [
              -70.9144988,
              41.6530118
            ],
            [
              -70.9144992,
              41.6530252
            ],
            [
              -70.9145171,
              41.6530249
            ],
            [
              -70.9145173,
              41.6530294
            ],
            [
              -70.9145232,
              41.6530293
            ],
            [
              -70.9145234,
              41.6530338
            ],
            [
              -70.9145294,
              41.6530337
            ],
            [
              -70.9145295,
              41.6530382
            ],
            [
              -70.9145355,
              41.6530381
            ],
            [
              -70.9145356,
              41.6530426
            ],
            [
              -70.9145476,
              41.6530424
            ],
            [
              -70.9145477,
              41.6530469
            ],
            [
              -70.9145596,
              41.6530467
            ],
            [
              -70.9145599,
              41.6530556
            ],
            [
              -70.9146257,
              41.6530545
            ],
            [
              -70.9146266,
              41.6530859
            ],
            [
              -70.9146625,
              41.6530853
            ],
            [
              -70.9146624,
              41.6530808
            ],
            [
              -70.9146683,
              41.6530807
            ],
            [
              -70.9146682,
              41.6530763
            ],
            [
              -70.9146861,
              41.653076
            ],
            [
              -70.914686,
              41.6530715
            ],
            [
              -70.914692,
              41.6530714
            ],
            [
              -70.9146919,
              41.6530669
            ],
            [
              -70.9147815,
              41.6530654
            ],
            [
              -70.9147818,
              41.6530744
            ],
            [
              -70.9147878,
              41.6530743
            ],
            [
              -70.9147882,
              41.6530877
            ],
            [
              -70.9148121,
              41.6530873
            ],
            [
              -70.9148122,
              41.6530918
            ],
            [
              -70.9148182,
              41.6530917
            ],
            [
              -70.9148183,
              41.6530962
            ],
            [
              -70.9148363,
              41.6530959
            ],
            [
              -70.9148364,
              41.6531004
            ],
            [
              -70.9148603,
              41.6531
            ],
            [
              -70.9148605,
              41.6531045
            ],
            [
              -70.9148724,
              41.6531043
            ],
            [
              -70.9148726,
              41.6531087
            ],
            [
              -70.9149503,
              41.6531074
            ],
            [
              -70.9149501,
              41.653103
            ],
            [
              -70.9149621,
              41.6531028
            ],
            [
              -70.914962,
              41.6530983
            ],
            [
              -70.9149739,
              41.6530981
            ],
            [
              -70.9149737,
              41.6530891
            ],
            [
              -70.9149916,
              41.6530888
            ],
            [
              -70.9149915,
              41.6530843
            ],
            [
              -70.9149974,
              41.6530842
            ],
            [
              -70.9149972,
              41.6530753
            ],
            [
              -70.9150091,
              41.6530751
            ],
            [
              -70.9150089,
              41.6530661
            ],
            [
              -70.9150208,
              41.6530659
            ],
            [
              -70.9150207,
              41.6530614
            ],
            [
              -70.9150267,
              41.6530613
            ],
            [
              -70.9150264,
              41.6530523
            ],
            [
              -70.9150384,
              41.6530521
            ],
            [
              -70.9150382,
              41.6530477
            ],
            [
              -70.9150442,
              41.6530476
            ],
            [
              -70.9150439,
              41.6530386
            ],
            [
              -70.9150559,
              41.6530384
            ],
            [
              -70.9150556,
              41.6530294
            ],
            [
              -70.9150676,
              41.6530292
            ],
            [
              -70.9150675,
              41.6530247
            ],
            [
              -70.9150734,
              41.6530246
            ],
            [
              -70.9150732,
              41.6530157
            ],
            [
              -70.9150851,
              41.6530155
            ],
            [
              -70.915085,
              41.653011
            ],
            [
              -70.915091,
              41.6530109
            ],
            [
              -70.9150907,
              41.6530019
            ],
            [
              -70.9151027,
              41.6530017
            ],
            [
              -70.9151024,
              41.6529928
            ],
            [
              -70.9151144,
              41.6529926
            ],
            [
              -70.9151142,
              41.6529881
            ],
            [
              -70.9151202,
              41.652988
            ],
            [
              -70.9151199,
              41.652979
            ],
            [
              -70.9151319,
              41.6529788
            ],
            [
              -70.9151315,
              41.6529654
            ],
            [
              -70.9151494,
              41.6529651
            ],
            [
              -70.9151492,
              41.6529561
            ],
            [
              -70.9151552,
              41.652956
            ],
            [
              -70.915155,
              41.6529515
            ],
            [
              -70.915161,
              41.6529514
            ],
            [
              -70.9151609,
              41.6529469
            ],
            [
              -70.9151669,
              41.6529468
            ],
            [
              -70.9151667,
              41.6529423
            ],
            [
              -70.9151727,
              41.6529422
            ],
            [
              -70.9151726,
              41.6529378
            ],
            [
              -70.9151785,
              41.6529377
            ],
            [
              -70.9151784,
              41.6529332
            ],
            [
              -70.9151844,
              41.6529331
            ],
            [
              -70.9151843,
              41.6529286
            ],
            [
              -70.9151962,
              41.6529284
            ],
            [
              -70.9151959,
              41.6529194
            ],
            [
              -70.9152079,
              41.6529192
            ],
            [
              -70.9152078,
              41.6529147
            ],
            [
              -70.9152138,
              41.6529146
            ],
            [
              -70.9152135,
              41.6529057
            ],
            [
              -70.9152254,
              41.6529055
            ],
            [
              -70.9152253,
              41.652901
            ],
            [
              -70.9152433,
              41.6529007
            ],
            [
              -70.915243,
              41.6528917
            ],
            [
              -70.9152549,
              41.6528915
            ],
            [
              -70.9152547,
              41.6528826
            ],
            [
              -70.9152607,
              41.6528825
            ],
            [
              -70.9152605,
              41.652878
            ],
            [
              -70.9152785,
              41.6528777
            ],
            [
              -70.9152782,
              41.6528687
            ],
            [
              -70.9153021,
              41.6528683
            ],
            [
              -70.915302,
              41.6528638
            ],
            [
              -70.9153498,
              41.652863
            ],
            [
              -70.9153495,
              41.6528541
            ],
            [
              -70.9153555,
              41.652854
            ],
            [
              -70.9153554,
              41.6528495
            ],
            [
              -70.9153673,
              41.6528493
            ],
            [
              -70.9153672,
              41.6528448
            ],
            [
              -70.9153732,
              41.6528447
            ],
            [
              -70.9153731,
              41.6528402
            ],
            [
              -70.915397,
              41.6528398
            ],
            [
              -70.9153966,
              41.6528264
            ],
            [
              -70.9154205,
              41.652826
            ],
            [
              -70.9154201,
              41.6528125
            ],
            [
              -70.9154321,
              41.6528123
            ],
            [
              -70.9154318,
              41.6528034
            ],
            [
              -70.9154557,
              41.652803
            ],
            [
              -70.9154556,
              41.6527985
            ],
            [
              -70.9154616,
              41.6527984
            ],
            [
              -70.9154614,
              41.6527939
            ],
            [
              -70.9154674,
              41.6527938
            ],
            [
              -70.9154673,
              41.6527893
            ],
            [
              -70.9154732,
              41.6527892
            ],
            [
              -70.9154731,
              41.6527847
            ],
            [
              -70.9154851,
              41.6527845
            ],
            [
              -70.9154849,
              41.65278
            ],
            [
              -70.9155089,
              41.6527796
            ],
            [
              -70.9155087,
              41.6527752
            ],
            [
              -70.9155267,
              41.6527749
            ],
            [
              -70.9155265,
              41.6527704
            ],
            [
              -70.9155385,
              41.6527702
            ],
            [
              -70.9155383,
              41.6527657
            ],
            [
              -70.9155443,
              41.6527656
            ],
            [
              -70.9155442,
              41.6527611
            ],
            [
              -70.9155621,
              41.6527608
            ],
            [
              -70.915562,
              41.6527563
            ],
            [
              -70.9155799,
              41.652756
            ],
            [
              -70.9155797,
              41.6527471
            ],
            [
              -70.9156096,
              41.6527466
            ],
            [
              -70.9156094,
              41.6527421
            ],
            [
              -70.9156393,
              41.6527416
            ],
            [
              -70.9156389,
              41.6527281
            ],
            [
              -70.9156688,
              41.6527276
            ],
            [
              -70.9156686,
              41.6527187
            ],
            [
              -70.9156805,
              41.6527185
            ],
            [
              -70.9156804,
              41.652714
            ],
            [
              -70.9156864,
              41.6527139
            ],
            [
              -70.9156862,
              41.6527094
            ],
            [
              -70.9156922,
              41.6527093
            ],
            [
              -70.9156911,
              41.6526734
            ],
            [
              -70.9156971,
              41.6526733
            ],
            [
              -70.9156969,
              41.6526644
            ],
            [
              -70.9157088,
              41.6526642
            ],
            [
              -70.9157087,
              41.6526597
            ],
            [
              -70.9157685,
              41.6526587
            ],
            [
              -70.9157683,
              41.6526542
            ],
            [
              -70.9158221,
              41.6526533
            ],
            [
              -70.9158223,
              41.6526578
            ],
            [
              -70.915906,
              41.6526564
            ],
            [
              -70.9159072,
              41.6526967
            ],
            [
              -70.9158713,
              41.6526973
            ],
            [
              -70.9158722,
              41.6527287
            ],
            [
              -70.9158782,
              41.6527286
            ],
            [
              -70.9158791,
              41.65276
            ],
            [
              -70.9158911,
              41.6527598
            ],
            [
              -70.9158914,
              41.6527688
            ],
            [
              -70.9158974,
              41.6527687
            ],
            [
              -70.9158976,
              41.6527776
            ],
            [
              -70.9159036,
              41.6527775
            ],
            [
              -70.9159037,
              41.652782
            ],
            [
              -70.9159097,
              41.6527819
            ],
            [
              -70.9159098,
              41.6527864
            ],
            [
              -70.9159218,
              41.6527862
            ],
            [
              -70.9159219,
              41.6527907
            ],
            [
              -70.9159279,
              41.6527906
            ],
            [
              -70.9159282,
              41.6527996
            ],
            [
              -70.9159342,
              41.6527995
            ],
            [
              -70.9159343,
              41.652804
            ],
            [
              -70.9160001,
              41.6528029
            ],
            [
              -70.9160005,
              41.6528163
            ],
            [
              -70.9160124,
              41.6528161
            ],
            [
              -70.9160128,
              41.6528296
            ],
            [
              -70.9160188,
              41.6528295
            ],
            [
              -70.9160191,
              41.6528384
            ],
            [
              -70.916043,
              41.652838
            ],
            [
              -70.9160432,
              41.652847
            ],
            [
              -70.9160552,
              41.6528468
            ],
            [
              -70.9160555,
              41.6528558
            ],
            [
              -70.9160674,
              41.6528556
            ],
            [
              -70.916068,
              41.6528735
            ],
            [
              -70.9160739,
              41.6528734
            ],
            [
              -70.9160741,
              41.6528779
            ],
            [
              -70.916092,
              41.6528776
            ],
            [
              -70.9160925,
              41.6528955
            ],
            [
              -70.9161224,
              41.652895
            ],
            [
              -70.9161226,
              41.6528995
            ],
            [
              -70.9161285,
              41.6528994
            ],
            [
              -70.9161288,
              41.6529084
            ],
            [
              -70.9161348,
              41.6529083
            ],
            [
              -70.9161352,
              41.6529217
            ],
            [
              -70.9161412,
              41.6529216
            ],
            [
              -70.9161416,
              41.6529351
            ],
            [
              -70.9161475,
              41.652935
            ],
            [
              -70.9161491,
              41.6529888
            ],
            [
              -70.9161372,
              41.652989
            ],
            [
              -70.916138,
              41.6530159
            ],
            [
              -70.9161499,
              41.6530157
            ],
            [
              -70.9161501,
              41.6530202
            ],
            [
              -70.916162,
              41.65302
            ],
            [
              -70.9161622,
              41.6530244
            ],
            [
              -70.9161681,
              41.6530243
            ],
            [
              -70.9161683,
              41.6530288
            ],
            [
              -70.9161802,
              41.6530286
            ],
            [
              -70.9161805,
              41.6530376
            ],
            [
              -70.9162164,
              41.653037
            ],
            [
              -70.9162165,
              41.6530415
            ],
            [
              -70.9162225,
              41.6530414
            ],
            [
              -70.9162226,
              41.6530459
            ],
            [
              -70.9162286,
              41.6530458
            ],
            [
              -70.9162289,
              41.6530547
            ],
            [
              -70.9162348,
              41.6530546
            ],
            [
              -70.9162351,
              41.6530636
            ],
            [
              -70.9162411,
              41.6530635
            ],
            [
              -70.9162412,
              41.653068
            ],
            [
              -70.9162532,
              41.6530678
            ],
            [
              -70.9162534,
              41.6530767
            ],
            [
              -70.9162654,
              41.6530765
            ],
            [
              -70.9162657,
              41.6530855
            ],
            [
              -70.9162716,
              41.6530854
            ],
            [
              -70.9162718,
              41.6530899
            ],
            [
              -70.9162778,
              41.6530898
            ],
            [
              -70.9162779,
              41.6530943
            ],
            [
              -70.9162839,
              41.6530942
            ],
            [
              -70.9162843,
              41.6531076
            ],
            [
              -70.9163261,
              41.6531069
            ],
            [
              -70.9163263,
              41.6531114
            ],
            [
              -70.9163322,
              41.6531113
            ],
            [
              -70.9163324,
              41.6531158
            ],
            [
              -70.9164041,
              41.6531146
            ],
            [
              -70.9164044,
              41.6531236
            ],
            [
              -70.9164941,
              41.6531221
            ],
            [
              -70.9164939,
              41.6531176
            ],
            [
              -70.9164999,
              41.6531175
            ],
            [
              -70.9164998,
              41.653113
            ],
            [
              -70.9165237,
              41.6531126
            ],
            [
              -70.9165236,
              41.6531081
            ],
            [
              -70.9165535,
              41.6531076
            ],
            [
              -70.9165533,
              41.6531031
            ],
            [
              -70.9166849,
              41.6531009
            ],
            [
              -70.916685,
              41.6531054
            ],
            [
              -70.9166969,
              41.6531052
            ],
            [
              -70.9166971,
              41.6531097
            ],
            [
              -70.916709,
              41.6531095
            ],
            [
              -70.9167092,
              41.653114
            ],
            [
              -70.9167211,
              41.6531138
            ],
            [
              -70.9167213,
              41.6531183
            ],
            [
              -70.9167272,
              41.6531182
            ],
            [
              -70.9167274,
              41.6531227
            ],
            [
              -70.9167334,
              41.6531226
            ],
            [
              -70.9167335,
              41.6531271
            ],
            [
              -70.9167395,
              41.653127
            ],
            [
              -70.9167396,
              41.6531314
            ],
            [
              -70.9167575,
              41.6531311
            ],
            [
              -70.9167577,
              41.6531356
            ],
            [
              -70.9167756,
              41.6531353
            ],
            [
              -70.9167757,
              41.6531398
            ],
            [
              -70.9167997,
              41.6531394
            ],
            [
              -70.9167998,
              41.6531439
            ],
            [
              -70.9168596,
              41.6531429
            ],
            [
              -70.9168597,
              41.6531474
            ],
            [
              -70.9169853,
              41.6531453
            ],
            [
              -70.9169851,
              41.6531408
            ],
            [
              -70.9170091,
              41.6531404
            ],
            [
              -70.9170089,
              41.6531359
            ],
            [
              -70.9170448,
              41.6531353
            ],
            [
              -70.9170447,
              41.6531308
            ],
            [
              -70.9170566,
              41.6531306
            ],
            [
              -70.9170565,
              41.6531261
            ],
            [
              -70.9170625,
              41.653126
            ],
            [
              -70.9170622,
              41.6531171
            ],
            [
              -70.9170861,
              41.6531167
            ],
            [
              -70.917086,
              41.6531122
            ],
            [
              -70.9170979,
              41.653112
            ],
            [
              -70.9170978,
              41.6531075
            ],
            [
              -70.9171038,
              41.6531074
            ],
            [
              -70.9171037,
              41.6531029
            ],
            [
              -70.9171096,
              41.6531028
            ],
            [
              -70.9171095,
              41.6530983
            ],
            [
              -70.9171215,
              41.6530981
            ],
            [
              -70.9171213,
              41.6530937
            ],
            [
              -70.9171273,
              41.6530936
            ],
            [
              -70.9171272,
              41.6530891
            ],
            [
              -70.9171451,
              41.6530888
            ],
            [
              -70.9171448,
              41.6530798
            ],
            [
              -70.9171508,
              41.6530797
            ],
            [
              -70.9171507,
              41.6530752
            ],
            [
              -70.9171626,
              41.653075
            ],
            [
              -70.9171625,
              41.6530706
            ],
            [
              -70.9171685,
              41.6530705
            ],
            [
              -70.9171682,
              41.6530615
            ],
            [
              -70.9171802,
              41.6530613
            ],
            [
              -70.9171799,
              41.6530523
            ],
            [
              -70.9171859,
              41.6530522
            ],
            [
              -70.9171856,
              41.6530433
            ],
            [
              -70.9171976,
              41.6530431
            ],
            [
              -70.9171975,
              41.6530386
            ],
            [
              -70.9172034,
              41.6530385
            ],
            [
              -70.9172032,
              41.6530295
            ],
            [
              -70.9172091,
              41.6530294
            ],
            [
              -70.917209,
              41.6530249
            ],
            [
              -70.917215,
              41.6530248
            ],
            [
              -70.9172146,
              41.6530114
            ],
            [
              -70.9172206,
              41.6530113
            ],
            [
              -70.9172202,
              41.6529978
            ],
            [
              -70.9172381,
              41.6529975
            ],
            [
              -70.9172372,
              41.6529661
            ],
            [
              -70.9172252,
              41.6529663
            ],
            [
              -70.9172248,
              41.6529529
            ],
            [
              -70.9172188,
              41.652953
            ],
            [
              -70.9172166,
              41.6528768
            ],
            [
              -70.9172106,
              41.6528769
            ],
            [
              -70.9172103,
              41.6528679
            ],
            [
              -70.9172044,
              41.652868
            ],
            [
              -70.9172042,
              41.6528635
            ],
            [
              -70.9171982,
              41.6528636
            ],
            [
              -70.9171967,
              41.6528098
            ],
            [
              -70.9172026,
              41.6528097
            ],
            [
              -70.9172006,
              41.6527425
            ],
            [
              -70.9172126,
              41.6527423
            ],
            [
              -70.9172115,
              41.6527064
            ],
            [
              -70.9172175,
              41.6527063
            ],
            [
              -70.9172168,
              41.6526839
            ],
            [
              -70.9172348,
              41.6526836
            ],
            [
              -70.9172345,
              41.6526746
            ],
            [
              -70.9172465,
              41.6526744
            ],
            [
              -70.9172463,
              41.6526699
            ],
            [
              -70.9172523,
              41.6526698
            ],
            [
              -70.9172522,
              41.6526653
            ],
            [
              -70.9172582,
              41.6526652
            ],
            [
              -70.917258,
              41.6526608
            ],
            [
              -70.917264,
              41.6526607
            ],
            [
              -70.9172637,
              41.6526517
            ],
            [
              -70.9172697,
              41.6526516
            ],
            [
              -70.9172696,
              41.6526471
            ],
            [
              -70.9172756,
              41.652647
            ],
            [
              -70.9172754,
              41.6526425
            ],
            [
              -70.9172814,
              41.6526424
            ],
            [
              -70.9172812,
              41.6526335
            ],
            [
              -70.9172871,
              41.6526334
            ],
            [
              -70.917287,
              41.6526289
            ],
            [
              -70.9173049,
              41.6526286
            ],
            [
              -70.9173043,
              41.6526062
            ],
            [
              -70.9173102,
              41.6526061
            ],
            [
              -70.9173101,
              41.6526016
            ],
            [
              -70.9173221,
              41.6526014
            ],
            [
              -70.9173217,
              41.6525879
            ],
            [
              -70.9173396,
              41.6525876
            ],
            [
              -70.9173389,
              41.6525652
            ],
            [
              -70.9173449,
              41.6525651
            ],
            [
              -70.9173444,
              41.6525472
            ],
            [
              -70.9173504,
              41.6525471
            ],
            [
              -70.9173494,
              41.6525157
            ],
            [
              -70.9173614,
              41.6525155
            ],
            [
              -70.9173613,
              41.652511
            ],
            [
              -70.9173672,
              41.6525109
            ],
            [
              -70.917367,
              41.6525019
            ],
            [
              -70.917373,
              41.6525018
            ],
            [
              -70.9173722,
              41.6524749
            ],
            [
              -70.9173781,
              41.6524748
            ],
            [
              -70.9173779,
              41.6524659
            ],
            [
              -70.9173839,
              41.6524658
            ],
            [
              -70.9173835,
              41.6524523
            ],
            [
              -70.9173894,
              41.6524522
            ],
            [
              -70.9173886,
              41.6524253
            ],
            [
              -70.9173946,
              41.6524252
            ],
            [
              -70.9173945,
              41.6524207
            ],
            [
              -70.9174005,
              41.6524206
            ],
            [
              -70.9173999,
              41.6524027
            ],
            [
              -70.9174119,
              41.6524025
            ],
            [
              -70.9174116,
              41.6523935
            ],
            [
              -70.9174176,
              41.6523934
            ],
            [
              -70.9174175,
              41.652389
            ],
            [
              -70.9174234,
              41.6523889
            ],
            [
              -70.9174232,
              41.6523799
            ],
            [
              -70.9174351,
              41.6523797
            ],
            [
              -70.917435,
              41.6523752
            ],
            [
              -70.917441,
              41.6523751
            ],
            [
              -70.9174407,
              41.6523661
            ],
            [
              -70.9174467,
              41.652366
            ],
            [
              -70.9174466,
              41.6523616
            ],
            [
              -70.9174585,
              41.6523614
            ],
            [
              -70.9174583,
              41.6523524
            ],
            [
              -70.9174702,
              41.6523522
            ],
            [
              -70.9174701,
              41.6523477
            ],
            [
              -70.9174761,
              41.6523476
            ],
            [
              -70.9174759,
              41.6523431
            ],
            [
              -70.9174819,
              41.652343
            ],
            [
              -70.9174818,
              41.6523385
            ],
            [
              -70.9174877,
              41.6523384
            ],
            [
              -70.9174876,
              41.652334
            ],
            [
              -70.9174996,
              41.6523338
            ],
            [
              -70.9174993,
              41.6523248
            ],
            [
              -70.9175053,
              41.6523247
            ],
            [
              -70.9175052,
              41.6523202
            ],
            [
              -70.9175291,
              41.6523198
            ],
            [
              -70.9175288,
              41.6523108
            ],
            [
              -70.9175348,
              41.6523107
            ],
            [
              -70.9175346,
              41.6523063
            ],
            [
              -70.9175406,
              41.6523062
            ],
            [
              -70.9175405,
              41.6523017
            ],
            [
              -70.9175584,
              41.6523014
            ],
            [
              -70.9175583,
              41.6522969
            ],
            [
              -70.9175643,
              41.6522968
            ],
            [
              -70.9175641,
              41.6522923
            ],
            [
              -70.9175761,
              41.6522921
            ],
            [
              -70.9175758,
              41.6522831
            ],
            [
              -70.9176057,
              41.6522826
            ],
            [
              -70.9176056,
              41.6522782
            ],
            [
              -70.9176176,
              41.652278
            ],
            [
              -70.9176173,
              41.652269
            ],
            [
              -70.9176233,
              41.6522689
            ],
            [
              -70.917623,
              41.6522599
            ],
            [
              -70.9176469,
              41.6522595
            ],
            [
              -70.9176468,
              41.652255
            ],
            [
              -70.9176707,
              41.6522546
            ],
            [
              -70.9176706,
              41.6522502
            ],
            [
              -70.9177483,
              41.6522489
            ],
            [
              -70.9177486,
              41.6522578
            ],
            [
              -70.9177545,
              41.6522577
            ],
            [
              -70.9177547,
              41.6522622
            ],
            [
              -70.9177607,
              41.6522621
            ],
            [
              -70.9177608,
              41.6522666
            ],
            [
              -70.9177907,
              41.6522661
            ],
            [
              -70.91779,
              41.6522437
            ],
            [
              -70.917784,
              41.6522438
            ],
            [
              -70.9177839,
              41.6522393
            ],
            [
              -70.9177779,
              41.6522394
            ],
            [
              -70.9177765,
              41.6521901
            ],
            [
              -70.9177824,
              41.65219
            ],
            [
              -70.917782,
              41.6521765
            ],
            [
              -70.917794,
              41.6521763
            ],
            [
              -70.9177932,
              41.6521494
            ],
            [
              -70.9177992,
              41.6521493
            ],
            [
              -70.9177977,
              41.6521
            ],
            [
              -70.9178037,
              41.6520999
            ],
            [
              -70.9178034,
              41.6520909
            ],
            [
              -70.9178094,
              41.6520908
            ],
            [
              -70.9178091,
              41.6520819
            ],
            [
              -70.9178151,
              41.6520818
            ],
            [
              -70.9178149,
              41.6520728
            ],
            [
              -70.9178208,
              41.6520727
            ],
            [
              -70.9178206,
              41.6520637
            ],
            [
              -70.9178265,
              41.6520636
            ],
            [
              -70.9178264,
              41.6520592
            ],
            [
              -70.9178324,
              41.6520591
            ],
            [
              -70.9178323,
              41.6520546
            ],
            [
              -70.9178382,
              41.6520545
            ],
            [
              -70.917838,
              41.6520455
            ],
            [
              -70.9178439,
              41.6520454
            ],
            [
              -70.9178436,
              41.652032
            ],
            [
              -70.9178555,
              41.6520318
            ],
            [
              -70.9178552,
              41.6520228
            ],
            [
              -70.9178672,
              41.6520226
            ],
            [
              -70.9178668,
              41.6520091
            ],
            [
              -70.9178728,
              41.652009
            ],
            [
              -70.9178724,
              41.6519956
            ],
            [
              -70.9178843,
              41.6519954
            ],
            [
              -70.9178841,
              41.6519864
            ],
            [
              -70.9178901,
              41.6519863
            ],
            [
              -70.9178899,
              41.6519818
            ],
            [
              -70.9179019,
              41.6519816
            ],
            [
              -70.9179012,
              41.6519592
            ],
            [
              -70.9179132,
              41.651959
            ],
            [
              -70.9179129,
              41.6519501
            ],
            [
              -70.9179189,
              41.65195
            ],
            [
              -70.9179185,
              41.6519365
            ],
            [
              -70.9179304,
              41.6519363
            ],
            [
              -70.9179302,
              41.6519273
            ],
            [
              -70.9179362,
              41.6519272
            ],
            [
              -70.9179358,
              41.6519138
            ],
            [
              -70.9179477,
              41.6519136
            ],
            [
              -70.9179476,
              41.6519091
            ],
            [
              -70.9179536,
              41.651909
            ],
            [
              -70.9179533,
              41.6519
            ],
            [
              -70.9179593,
              41.6518999
            ],
            [
              -70.9179587,
              41.651882
            ],
            [
              -70.9179647,
              41.6518819
            ],
            [
              -70.9179643,
              41.6518685
            ],
            [
              -70.9179703,
              41.6518684
            ],
            [
              -70.9179699,
              41.6518549
            ],
            [
              -70.9179819,
              41.6518547
            ],
            [
              -70.9179813,
              41.6518368
            ],
            [
              -70.9179873,
              41.6518367
            ],
            [
              -70.9179872,
              41.6518322
            ],
            [
              -70.9179931,
              41.6518321
            ],
            [
              -70.9179929,
              41.6518231
            ],
            [
              -70.9179989,
              41.651823
            ],
            [
              -70.9179987,
              41.6518185
            ],
            [
              -70.9180047,
              41.6518184
            ],
            [
              -70.9180043,
              41.651805
            ],
            [
              -70.9180103,
              41.6518049
            ],
            [
              -70.91801,
              41.6517959
            ],
            [
              -70.918016,
              41.6517958
            ],
            [
              -70.9180159,
              41.6517913
            ],
            [
              -70.9180218,
              41.6517912
            ],
            [
              -70.9180216,
              41.6517823
            ],
            [
              -70.9180276,
              41.6517822
            ],
            [
              -70.9180274,
              41.6517777
            ],
            [
              -70.9180334,
              41.6517776
            ],
            [
              -70.9180333,
              41.6517731
            ],
            [
              -70.9180392,
              41.651773
            ],
            [
              -70.9180391,
              41.6517685
            ],
            [
              -70.9180451,
              41.6517684
            ],
            [
              -70.9180448,
              41.6517595
            ],
            [
              -70.9180508,
              41.6517594
            ],
            [
              -70.9180507,
              41.6517549
            ],
            [
              -70.9180567,
              41.6517548
            ],
            [
              -70.9180565,
              41.6517503
            ],
            [
              -70.9180625,
              41.6517502
            ],
            [
              -70.9180624,
              41.6517457
            ],
            [
              -70.9180683,
              41.6517456
            ],
            [
              -70.9180682,
              41.6517411
            ],
            [
              -70.9180742,
              41.651741
            ],
            [
              -70.9180741,
              41.6517365
            ],
            [
              -70.91808,
              41.6517364
            ],
            [
              -70.9180799,
              41.651732
            ],
            [
              -70.9180859,
              41.6517319
            ],
            [
              -70.9180857,
              41.6517274
            ],
            [
              -70.9181037,
              41.6517271
            ],
            [
              -70.9181034,
              41.6517181
            ],
            [
              -70.9181094,
              41.651718
            ],
            [
              -70.9181093,
              41.6517135
            ],
            [
              -70.9181152,
              41.6517134
            ],
            [
              -70.9181148,
              41.6517
            ],
            [
              -70.9181208,
              41.6516999
            ],
            [
              -70.9181206,
              41.6516909
            ],
            [
              -70.9181265,
              41.6516908
            ],
            [
              -70.9181263,
              41.6516818
            ],
            [
              -70.9181323,
              41.6516817
            ],
            [
              -70.918132,
              41.6516728
            ],
            [
              -70.918138,
              41.6516727
            ],
            [
              -70.9181378,
              41.6516682
            ],
            [
              -70.9181438,
              41.6516681
            ],
            [
              -70.9181437,
              41.6516636
            ],
            [
              -70.9181497,
              41.6516635
            ],
            [
              -70.9181491,
              41.6516456
            ],
            [
              -70.9181551,
              41.6516455
            ],
            [
              -70.9181548,
              41.6516365
            ],
            [
              -70.9181608,
              41.6516364
            ],
            [
              -70.9181607,
              41.6516319
            ],
            [
              -70.9181667,
              41.6516318
            ],
            [
              -70.9181663,
              41.6516184
            ],
            [
              -70.9181722,
              41.6516183
            ],
            [
              -70.918172,
              41.6516093
            ],
            [
              -70.918178,
              41.6516092
            ],
            [
              -70.9181773,
              41.6515868
            ],
            [
              -70.9181833,
              41.6515867
            ],
            [
              -70.918183,
              41.6515777
            ],
            [
              -70.918189,
              41.6515776
            ],
            [
              -70.9181887,
              41.6515687
            ],
            [
              -70.9181947,
              41.6515686
            ],
            [
              -70.9181946,
              41.6515641
            ],
            [
              -70.9182005,
              41.651564
            ],
            [
              -70.9182004,
              41.6515595
            ],
            [
              -70.9182064,
              41.6515594
            ],
            [
              -70.9182057,
              41.651537
            ],
            [
              -70.9182117,
              41.6515369
            ],
            [
              -70.918211,
              41.6515144
            ],
            [
              -70.918217,
              41.6515144
            ],
            [
              -70.9182169,
              41.6515099
            ],
            [
              -70.9182229,
              41.6515098
            ],
            [
              -70.9182227,
              41.6515053
            ],
            [
              -70.9182287,
              41.6515052
            ],
            [
              -70.9182282,
              41.6514872
            ],
            [
              -70.9182341,
              41.6514871
            ],
            [
              -70.9182334,
              41.6514602
            ],
            [
              -70.9182453,
              41.65146
            ],
            [
              -70.9182433,
              41.6513928
            ],
            [
              -70.9182373,
              41.6513929
            ],
            [
              -70.9182371,
              41.6513839
            ],
            [
              -70.9182311,
              41.651384
            ],
            [
              -70.9182308,
              41.6513751
            ],
            [
              -70.9182248,
              41.6513752
            ],
            [
              -70.9182234,
              41.6513258
            ],
            [
              -70.9181995,
              41.6513262
            ],
            [
              -70.9181993,
              41.6513218
            ],
            [
              -70.9181934,
              41.6513219
            ],
            [
              -70.9181932,
              41.6513174
            ],
            [
              -70.9181813,
              41.6513176
            ],
            [
              -70.9181811,
              41.6513131
            ],
            [
              -70.9181572,
              41.6513135
            ],
            [
              -70.918156,
              41.6512731
            ],
            [
              -70.918162,
              41.651273
            ],
            [
              -70.9181619,
              41.6512686
            ],
            [
              -70.9181738,
              41.6512684
            ],
            [
              -70.9181737,
              41.6512639
            ],
            [
              -70.9181797,
              41.6512638
            ],
            [
              -70.9181795,
              41.6512593
            ],
            [
              -70.9181855,
              41.6512592
            ],
            [
              -70.9181852,
              41.6512502
            ],
            [
              -70.9182151,
              41.6512497
            ],
            [
              -70.9182127,
              41.651169
            ],
            [
              -70.9182008,
              41.6511692
            ],
            [
              -70.9182004,
              41.6511558
            ],
            [
              -70.9181944,
              41.6511559
            ],
            [
              -70.9181943,
              41.6511514
            ],
            [
              -70.9181883,
              41.6511515
            ],
            [
              -70.9181882,
              41.651147
            ],
            [
              -70.9181762,
              41.6511472
            ],
            [
              -70.9181753,
              41.6511158
            ],
            [
              -70.9181633,
              41.651116
            ],
            [
              -70.9181632,
              41.6511115
            ],
            [
              -70.9181572,
              41.6511116
            ],
            [
              -70.9181571,
              41.6511072
            ],
            [
              -70.9181511,
              41.6511073
            ],
            [
              -70.9181508,
              41.6510983
            ],
            [
              -70.9181448,
              41.6510984
            ],
            [
              -70.9181446,
              41.6510894
            ],
            [
              -70.9181326,
              41.6510896
            ],
            [
              -70.9181324,
              41.6510806
            ],
            [
              -70.9181264,
              41.6510807
            ],
            [
              -70.9181262,
              41.6510763
            ],
            [
              -70.9181143,
              41.6510765
            ],
            [
              -70.918114,
              41.6510675
            ],
            [
              -70.918108,
              41.6510676
            ],
            [
              -70.9181079,
              41.6510631
            ],
            [
              -70.918096,
              41.6510633
            ],
            [
              -70.9180957,
              41.6510543
            ],
            [
              -70.9180837,
              41.6510545
            ],
            [
              -70.9180835,
              41.6510456
            ],
            [
              -70.9180775,
              41.6510457
            ],
            [
              -70.9180771,
              41.6510322
            ],
            [
              -70.9180651,
              41.6510324
            ],
            [
              -70.918065,
              41.6510279
            ],
            [
              -70.918059,
              41.651028
            ],
            [
              -70.9180587,
              41.6510191
            ],
            [
              -70.9180468,
              41.6510193
            ],
            [
              -70.9180465,
              41.6510103
            ],
            [
              -70.9180346,
              41.6510105
            ],
            [
              -70.9180344,
              41.651006
            ],
            [
              -70.9180285,
              41.6510061
            ],
            [
              -70.9180282,
              41.6509972
            ],
            [
              -70.9180162,
              41.6509974
            ],
            [
              -70.9180156,
              41.6509749
            ],
            [
              -70.9180096,
              41.650975
            ],
            [
              -70.9180095,
              41.6509706
            ],
            [
              -70.9180035,
              41.6509707
            ],
            [
              -70.9180033,
              41.6509662
            ],
            [
              -70.9179974,
              41.6509663
            ],
            [
              -70.917997,
              41.6509528
            ],
            [
              -70.917991,
              41.6509529
            ],
            [
              -70.9179909,
              41.6509484
            ],
            [
              -70.9179729,
              41.6509487
            ],
            [
              -70.9179728,
              41.6509443
            ],
            [
              -70.9179668,
              41.6509444
            ],
            [
              -70.9179664,
              41.6509309
            ],
            [
              -70.9179544,
              41.6509311
            ],
            [
              -70.9179542,
              41.6509221
            ],
            [
              -70.9179482,
              41.6509222
            ],
            [
              -70.9179479,
              41.6509133
            ],
            [
              -70.917936,
              41.6509135
            ],
            [
              -70.9179357,
              41.6509045
            ],
            [
              -70.9179238,
              41.6509047
            ],
            [
              -70.9179236,
              41.6509002
            ],
            [
              -70.9179176,
              41.6509003
            ],
            [
              -70.9179175,
              41.6508958
            ],
            [
              -70.9179115,
              41.6508959
            ],
            [
              -70.9179114,
              41.6508915
            ],
            [
              -70.9179054,
              41.6508916
            ],
            [
              -70.9179053,
              41.6508871
            ],
            [
              -70.9178993,
              41.6508872
            ],
            [
              -70.917899,
              41.6508782
            ],
            [
              -70.9178871,
              41.6508784
            ],
            [
              -70.9178868,
              41.6508694
            ],
            [
              -70.9178808,
              41.6508695
            ],
            [
              -70.9178804,
              41.6508561
            ],
            [
              -70.9178685,
              41.6508563
            ],
            [
              -70.9178682,
              41.6508473
            ],
            [
              -70.9178563,
              41.6508475
            ],
            [
              -70.9178559,
              41.6508341
            ],
            [
              -70.9178499,
              41.6508342
            ],
            [
              -70.9178496,
              41.6508252
            ],
            [
              -70.9178436,
              41.6508253
            ],
            [
              -70.9178435,
              41.6508208
            ],
            [
              -70.9178375,
              41.6508209
            ],
            [
              -70.9178374,
              41.6508164
            ],
            [
              -70.9178314,
              41.6508165
            ],
            [
              -70.917831,
              41.6508031
            ],
            [
              -70.9178191,
              41.6508033
            ],
            [
              -70.9178189,
              41.6507988
            ],
            [
              -70.9178129,
              41.6507989
            ],
            [
              -70.9178128,
              41.6507944
            ],
            [
              -70.9178068,
              41.6507945
            ],
            [
              -70.9178066,
              41.6507855
            ],
            [
              -70.9178006,
              41.6507856
            ],
            [
              -70.9178003,
              41.6507767
            ],
            [
              -70.9177943,
              41.6507768
            ],
            [
              -70.9177939,
              41.6507633
            ],
            [
              -70.917788,
              41.6507634
            ],
            [
              -70.9177876,
              41.65075
            ],
            [
              -70.9177816,
              41.6507501
            ],
            [
              -70.9177812,
              41.6507366
            ],
            [
              -70.9177692,
              41.6507368
            ],
            [
              -70.917769,
              41.6507279
            ],
            [
              -70.917757,
              41.6507281
            ],
            [
              -70.9177566,
              41.6507146
            ],
            [
              -70.9177506,
              41.6507147
            ],
            [
              -70.91775,
              41.6506923
            ],
            [
              -70.917738,
              41.6506925
            ],
            [
              -70.9177377,
              41.6506835
            ],
            [
              -70.9177198,
              41.6506838
            ],
            [
              -70.917719,
              41.6506569
            ],
            [
              -70.9176951,
              41.6506573
            ],
            [
              -70.9176944,
              41.6506349
            ],
            [
              -70.9176884,
              41.650635
            ],
            [
              -70.9176883,
              41.6506305
            ],
            [
              -70.9176764,
              41.6506307
            ],
            [
              -70.9176761,
              41.6506217
            ],
            [
              -70.9176701,
              41.6506218
            ],
            [
              -70.91767,
              41.6506174
            ],
            [
              -70.917658,
              41.6506176
            ],
            [
              -70.9176571,
              41.6505862
            ],
            [
              -70.9176511,
              41.6505863
            ],
            [
              -70.917651,
              41.6505818
            ],
            [
              -70.917633,
              41.6505821
            ],
            [
              -70.9176316,
              41.6505328
            ],
            [
              -70.9176256,
              41.6505329
            ],
            [
              -70.9176255,
              41.6505284
            ],
            [
              -70.9176135,
              41.6505286
            ],
            [
              -70.9176134,
              41.6505241
            ],
            [
              -70.9176014,
              41.6505243
            ],
            [
              -70.9176013,
              41.6505198
            ],
            [
              -70.9175953,
              41.6505199
            ],
            [
              -70.917595,
              41.650511
            ],
            [
              -70.9175891,
              41.6505111
            ],
            [
              -70.9175888,
              41.6505021
            ],
            [
              -70.9175469,
              41.6505028
            ],
            [
              -70.9175472,
              41.6505118
            ],
            [
              -70.9174994,
              41.6505126
            ],
            [
              -70.9174995,
              41.650517
            ],
            [
              -70.9173082,
              41.6505202
            ],
            [
              -70.9173085,
              41.6505292
            ],
            [
              -70.9172905,
              41.6505295
            ],
            [
              -70.9172907,
              41.650534
            ],
            [
              -70.917207,
              41.6505354
            ],
            [
              -70.9172072,
              41.6505443
            ],
            [
              -70.9171474,
              41.6505453
            ],
            [
              -70.9171477,
              41.6505543
            ],
            [
              -70.9170999,
              41.6505551
            ],
            [
              -70.9171,
              41.6505596
            ],
            [
              -70.9170402,
              41.6505606
            ],
            [
              -70.9170405,
              41.6505696
            ],
            [
              -70.9169926,
              41.6505704
            ],
            [
              -70.9169928,
              41.6505748
            ],
            [
              -70.9169629,
              41.6505753
            ],
            [
              -70.9169632,
              41.6505843
            ],
            [
              -70.9168794,
              41.6505857
            ],
            [
              -70.9168797,
              41.6505947
            ],
            [
              -70.9168379,
              41.6505954
            ],
            [
              -70.916838,
              41.6505998
            ],
            [
              -70.9167782,
              41.6506008
            ],
            [
              -70.9167786,
              41.6506143
            ],
            [
              -70.9165454,
              41.6506182
            ],
            [
              -70.9165453,
              41.6506137
            ],
            [
              -70.9164975,
              41.6506145
            ],
            [
              -70.9164972,
              41.6506055
            ],
            [
              -70.9164434,
              41.6506064
            ],
            [
              -70.9164433,
              41.6506019
            ],
            [
              -70.9163117,
              41.6506041
            ],
            [
              -70.9163112,
              41.6505862
            ],
            [
              -70.9162693,
              41.6505869
            ],
            [
              -70.9162692,
              41.6505824
            ],
            [
              -70.9162094,
              41.6505834
            ],
            [
              -70.9162092,
              41.6505745
            ],
            [
              -70.9161434,
              41.6505755
            ],
            [
              -70.9161433,
              41.6505711
            ],
            [
              -70.9160954,
              41.6505719
            ],
            [
              -70.9160952,
              41.6505629
            ],
            [
              -70.9160354,
              41.6505639
            ],
            [
              -70.9160351,
              41.6505549
            ],
            [
              -70.9159873,
              41.6505557
            ],
            [
              -70.9159871,
              41.6505512
            ],
            [
              -70.9159333,
              41.6505521
            ],
            [
              -70.9159331,
              41.6505432
            ],
            [
              -70.9158673,
              41.6505443
            ],
            [
              -70.9158672,
              41.6505398
            ],
            [
              -70.9158134,
              41.6505407
            ],
            [
              -70.9158131,
              41.6505317
            ],
            [
              -70.9157593,
              41.6505326
            ],
            [
              -70.915759,
              41.6505236
            ],
            [
              -70.9156873,
              41.6505248
            ],
            [
              -70.9156871,
              41.6505204
            ],
            [
              -70.9156094,
              41.6505217
            ],
            [
              -70.9156093,
              41.6505172
            ],
            [
              -70.9156033,
              41.6505173
            ],
            [
              -70.9156032,
              41.6505128
            ],
            [
              -70.9155972,
              41.6505129
            ],
            [
              -70.9155969,
              41.6505039
            ],
            [
              -70.9155371,
              41.6505049
            ],
            [
              -70.915537,
              41.6505004
            ],
            [
              -70.9154772,
              41.6505014
            ],
            [
              -70.915477,
              41.6504925
            ],
            [
              -70.9154232,
              41.6504934
            ],
            [
              -70.915423,
              41.6504889
            ],
            [
              -70.9153632,
              41.6504899
            ],
            [
              -70.915363,
              41.6504809
            ],
            [
              -70.9153032,
              41.6504819
            ],
            [
              -70.9153029,
              41.6504729
            ],
            [
              -70.9152491,
              41.6504738
            ],
            [
              -70.915249,
              41.6504693
            ],
            [
              -70.9152011,
              41.6504701
            ],
            [
              -70.9152009,
              41.6504612
            ],
            [
              -70.9151351,
              41.6504623
            ],
            [
              -70.915135,
              41.6504578
            ],
            [
              -70.9150752,
              41.6504588
            ],
            [
              -70.9150753,
              41.6504633
            ],
            [
              -70.9149856,
              41.6504648
            ],
            [
              -70.9149859,
              41.6504737
            ],
            [
              -70.9149381,
              41.6504745
            ],
            [
              -70.9149382,
              41.650479
            ],
            [
              -70.9148605,
              41.6504803
            ],
            [
              -70.9148607,
              41.6504893
            ],
            [
              -70.9148129,
              41.6504901
            ],
            [
              -70.914813,
              41.6504946
            ],
            [
              -70.9148071,
              41.6504947
            ],
            [
              -70.9148072,
              41.6504991
            ],
            [
              -70.9147773,
              41.6504996
            ],
            [
              -70.9147774,
              41.6505041
            ],
            [
              -70.9147475,
              41.6505046
            ],
            [
              -70.9147478,
              41.6505136
            ],
            [
              -70.9147359,
              41.6505138
            ],
            [
              -70.914736,
              41.6505183
            ],
            [
              -70.914724,
              41.6505185
            ],
            [
              -70.9147242,
              41.6505229
            ],
            [
              -70.9147182,
              41.650523
            ],
            [
              -70.9147183,
              41.6505275
            ],
            [
              -70.9147123,
              41.6505276
            ],
            [
              -70.9147126,
              41.6505366
            ],
            [
              -70.9147006,
              41.6505368
            ],
            [
              -70.9147008,
              41.6505413
            ],
            [
              -70.9146888,
              41.6505415
            ],
            [
              -70.9146891,
              41.6505504
            ],
            [
              -70.9146831,
              41.6505505
            ],
            [
              -70.9146834,
              41.6505595
            ],
            [
              -70.9146714,
              41.6505597
            ],
            [
              -70.9146758,
              41.6507077
            ],
            [
              -70.9145921,
              41.6507091
            ],
            [
              -70.914592,
              41.6507046
            ],
            [
              -70.914574,
              41.6507049
            ],
            [
              -70.9145739,
              41.6507004
            ],
            [
              -70.9145679,
              41.6507005
            ],
            [
              -70.9145678,
              41.650696
            ],
            [
              -70.9145439,
              41.6506964
            ],
            [
              -70.9145436,
              41.6506874
            ],
            [
              -70.9144958,
              41.6506882
            ],
            [
              -70.9144956,
              41.6506838
            ],
            [
              -70.9144897,
              41.6506839
            ],
            [
              -70.9144895,
              41.6506794
            ],
            [
              -70.9144537,
              41.65068
            ],
            [
              -70.9144549,
              41.6507203
            ],
            [
              -70.9144489,
              41.6507204
            ],
            [
              -70.9144494,
              41.6507384
            ],
            [
              -70.9143657,
              41.6507398
            ],
            [
              -70.9143653,
              41.6507263
            ],
            [
              -70.9143593,
              41.6507264
            ],
            [
              -70.914358,
              41.6506816
            ],
            [
              -70.9143759,
              41.6506813
            ],
            [
              -70.9143751,
              41.6506544
            ],
            [
              -70.9143632,
              41.6506546
            ],
            [
              -70.914363,
              41.6506501
            ],
            [
              -70.9143332,
              41.6506506
            ],
            [
              -70.914333,
              41.6506461
            ],
            [
              -70.9142433,
              41.6506476
            ],
            [
              -70.9142435,
              41.6506521
            ],
            [
              -70.9142315,
              41.6506523
            ],
            [
              -70.9142316,
              41.6506568
            ],
            [
              -70.9142257,
              41.6506569
            ],
            [
              -70.9142259,
              41.6506658
            ],
            [
              -70.914214,
              41.650666
            ],
            [
              -70.9142144,
              41.6506795
            ],
            [
              -70.9142084,
              41.6506796
            ],
            [
              -70.9142088,
              41.650693
            ],
            [
              -70.9141968,
              41.6506932
            ],
            [
              -70.9141974,
              41.6507112
            ],
            [
              -70.9141854,
              41.6507114
            ],
            [
              -70.9141859,
              41.6507293
            ],
            [
              -70.91418,
              41.6507294
            ],
            [
              -70.9141805,
              41.6507473
            ],
            [
              -70.9141685,
              41.6507475
            ],
            [
              -70.9141691,
              41.6507655
            ],
            [
              -70.9141631,
              41.6507656
            ],
            [
              -70.9141636,
              41.6507835
            ],
            [
              -70.9141517,
              41.6507837
            ],
            [
              -70.9141525,
              41.6508106
            ],
            [
              -70.9141405,
              41.6508108
            ],
            [
              -70.9141416,
              41.6508467
            ],
            [
              -70.9141356,
              41.6508468
            ],
            [
              -70.9141362,
              41.6508692
            ],
            [
              -70.9141422,
              41.6508691
            ],
            [
              -70.9141432,
              41.6509005
            ],
            [
              -70.9141671,
              41.6509001
            ],
            [
              -70.9141675,
              41.6509135
            ],
            [
              -70.9141854,
              41.6509132
            ],
            [
              -70.9141855,
              41.6509177
            ],
            [
              -70.9141915,
              41.6509176
            ],
            [
              -70.914192,
              41.6509355
            ],
            [
              -70.9142279,
              41.6509349
            ],
            [
              -70.9142281,
              41.6509394
            ],
            [
              -70.914234,
              41.6509393
            ],
            [
              -70.9142346,
              41.6509572
            ],
            [
              -70.9142645,
              41.6509568
            ],
            [
              -70.9142646,
              41.6509612
            ],
            [
              -70.9142825,
              41.6509609
            ],
            [
              -70.9142886,
              41.6511672
            ],
            [
              -70.9142767,
              41.6511674
            ],
            [
              -70.9142773,
              41.6511898
            ],
            [
              -70.9142714,
              41.6511899
            ],
            [
              -70.914272,
              41.6512123
            ],
            [
              -70.9142421,
              41.6512128
            ],
            [
              -70.9142423,
              41.6512173
            ],
            [
              -70.9142004,
              41.651218
            ],
            [
              -70.9142007,
              41.651227
            ],
            [
              -70.9141768,
              41.6512274
            ],
            [
              -70.914177,
              41.6512363
            ],
            [
              -70.9141352,
              41.651237
            ],
            [
              -70.9141353,
              41.6512415
            ],
            [
              -70.9141054,
              41.651242
            ],
            [
              -70.9141057,
              41.651251
            ],
            [
              -70.9140877,
              41.6512513
            ],
            [
              -70.9140879,
              41.6512558
            ],
            [
              -70.914058,
              41.6512562
            ],
            [
              -70.9140582,
              41.6512652
            ],
            [
              -70.9140403,
              41.6512655
            ],
            [
              -70.9140406,
              41.6512745
            ],
            [
              -70.9140226,
              41.6512748
            ],
            [
              -70.9140228,
              41.6512793
            ],
            [
              -70.9140048,
              41.6512796
            ],
            [
              -70.9140051,
              41.6512885
            ],
            [
              -70.9139752,
              41.651289
            ],
            [
              -70.9139753,
              41.6512935
            ],
            [
              -70.9139634,
              41.6512937
            ],
            [
              -70.9139636,
              41.6513027
            ],
            [
              -70.9139457,
              41.651303
            ],
            [
              -70.9139461,
              41.6513164
            ],
            [
              -70.9139401,
              41.6513165
            ],
            [
              -70.9139403,
              41.651321
            ],
            [
              -70.9139343,
              41.6513211
            ],
            [
              -70.9139344,
              41.6513256
            ],
            [
              -70.9139284,
              41.6513257
            ],
            [
              -70.9139287,
              41.6513347
            ],
            [
              -70.9138988,
              41.6513352
            ],
            [
              -70.9138993,
              41.6513531
            ],
            [
              -70.9138874,
              41.6513533
            ],
            [
              -70.9138875,
              41.6513578
            ],
            [
              -70.9138696,
              41.6513581
            ],
            [
              -70.9138708,
              41.6513984
            ],
            [
              -70.9138588,
              41.6513986
            ],
            [
              -70.9138597,
              41.65143
            ],
            [
              -70.9138538,
              41.6514301
            ],
            [
              -70.9138542,
              41.6514436
            ],
            [
              -70.9138302,
              41.651444
            ],
            [
              -70.9138304,
              41.6514484
            ],
            [
              -70.9138244,
              41.6514485
            ],
            [
              -70.9138245,
              41.651453
            ],
            [
              -70.9138186,
              41.6514531
            ],
            [
              -70.9138194,
              41.65148
            ],
            [
              -70.9138253,
              41.6514799
            ],
            [
              -70.9138272,
              41.6515427
            ],
            [
              -70.9138212,
              41.6515428
            ],
            [
              -70.9138215,
              41.6515518
            ],
            [
              -70.9138095,
              41.651552
            ],
            [
              -70.9138097,
              41.6515564
            ],
            [
              -70.9138037,
              41.6515565
            ],
            [
              -70.9138039,
              41.6515655
            ],
            [
              -70.913798,
              41.6515656
            ],
            [
              -70.9137986,
              41.651588
            ],
            [
              -70.9137926,
              41.6515881
            ],
            [
              -70.9137941,
              41.6516374
            ],
            [
              -70.9138061,
              41.6516372
            ],
            [
              -70.913809,
              41.6517359
            ],
            [
              -70.913797,
              41.6517361
            ],
            [
              -70.9137984,
              41.6517809
            ],
            [
              -70.9137864,
              41.6517811
            ],
            [
              -70.9137881,
              41.6518394
            ],
            [
              -70.9138001,
              41.6518392
            ],
            [
              -70.9138045,
              41.6519872
            ],
            [
              -70.9138164,
              41.651987
            ],
            [
              -70.9138167,
              41.6519959
            ],
            [
              -70.9138227,
              41.6519958
            ],
            [
              -70.9138252,
              41.652081
            ],
            [
              -70.9138192,
              41.6520811
            ],
            [
              -70.9138195,
              41.6520901
            ],
            [
              -70.9138075,
              41.6520903
            ],
            [
              -70.9138078,
              41.6520992
            ],
            [
              -70.9137958,
              41.6520994
            ],
            [
              -70.913796,
              41.6521039
            ],
            [
              -70.91379,
              41.652104
            ],
            [
              -70.9137902,
              41.652113
            ],
            [
              -70.9137783,
              41.6521132
            ],
            [
              -70.9137784,
              41.6521177
            ],
            [
              -70.9137665,
              41.6521179
            ],
            [
              -70.9137667,
              41.6521268
            ],
            [
              -70.9137607,
              41.6521269
            ],
            [
              -70.9137617,
              41.6521583
            ],
            [
              -70.9137557,
              41.6521584
            ],
            [
              -70.9137565,
              41.6521853
            ],
            [
              -70.9137505,
              41.6521854
            ],
            [
              -70.9137542,
              41.652311
            ],
            [
              -70.9137602,
              41.6523109
            ],
            [
              -70.9137606,
              41.6523243
            ],
            [
              -70.9137666,
              41.6523242
            ],
            [
              -70.9137684,
              41.652387
            ],
            [
              -70.9137744,
              41.6523869
            ],
            [
              -70.9137756,
              41.6524272
            ],
            [
              -70.9137696,
              41.6524273
            ],
            [
              -70.9137699,
              41.6524363
            ],
            [
              -70.9137579,
              41.6524365
            ],
            [
              -70.9137582,
              41.6524455
            ],
            [
              -70.9137522,
              41.6524456
            ],
            [
              -70.9137526,
              41.652459
            ],
            [
              -70.9137287,
              41.6524594
            ],
            [
              -70.9137288,
              41.6524639
            ],
            [
              -70.9137229,
              41.652464
            ],
            [
              -70.9137245,
              41.6525178
            ],
            [
              -70.9137544,
              41.6525173
            ],
            [
              -70.9137548,
              41.6525308
            ],
            [
              -70.9138803,
              41.6525287
            ],
            [
              -70.9138791,
              41.6524883
            ],
            [
              -70.9139568,
              41.652487
            ],
            [
              -70.9139571,
              41.652496
            ],
            [
              -70.913975,
              41.6524957
            ],
            [
              -70.9139768,
              41.652554
            ],
            [
              -70.9139708,
              41.6525541
            ],
            [
              -70.9139709,
              41.6525586
            ],
            [
              -70.9139649,
              41.6525587
            ],
            [
              -70.9139652,
              41.6525676
            ],
            [
              -70.9139473,
              41.6525679
            ],
            [
              -70.9139478,
              41.6525859
            ],
            [
              -70.9139418,
              41.652586
            ],
            [
              -70.9139425,
              41.6526084
            ],
            [
              -70.9139664,
              41.652608
            ],
            [
              -70.9139681,
              41.6526663
            ],
            [
              -70.9139622,
              41.6526664
            ],
            [
              -70.9139626,
              41.6526798
            ],
            [
              -70.9139087,
              41.6526807
            ],
            [
              -70.913907,
              41.6526224
            ],
            [
              -70.9138711,
              41.652623
            ],
            [
              -70.9138707,
              41.6526096
            ],
            [
              -70.9138349,
              41.6526102
            ],
            [
              -70.913835,
              41.6526147
            ],
            [
              -70.913829,
              41.6526147
            ],
            [
              -70.9138297,
              41.6526372
            ],
            [
              -70.9138177,
              41.6526374
            ],
            [
              -70.9138201,
              41.6527181
            ],
            [
              -70.9138141,
              41.6527182
            ],
            [
              -70.9138143,
              41.6527227
            ],
            [
              -70.9137485,
              41.6527237
            ],
            [
              -70.9137489,
              41.6527372
            ],
            [
              -70.9137369,
              41.6527374
            ],
            [
              -70.9137392,
              41.6528136
            ],
            [
              -70.9137332,
              41.6528137
            ],
            [
              -70.9137373,
              41.6529527
            ],
            [
              -70.9137314,
              41.6529528
            ],
            [
              -70.9137319,
              41.6529707
            ],
            [
              -70.9137259,
              41.6529708
            ],
            [
              -70.9137283,
              41.6530515
            ],
            [
              -70.9137223,
              41.6530516
            ],
            [
              -70.9137226,
              41.6530606
            ],
            [
              -70.9137106,
              41.6530608
            ],
            [
              -70.9137114,
              41.6530877
            ],
            [
              -70.9136995,
              41.6530879
            ],
            [
              -70.9136999,
              41.6531014
            ],
            [
              -70.9136939,
              41.6531015
            ],
            [
              -70.9136949,
              41.6531373
            ],
            [
              -70.913683,
              41.6531375
            ],
            [
              -70.9136837,
              41.6531599
            ],
            [
              -70.9136777,
              41.65316
            ],
            [
              -70.9136814,
              41.6532856
            ],
            [
              -70.9137053,
              41.6532852
            ],
            [
              -70.9137068,
              41.6533345
            ],
            [
              -70.9137785,
              41.6533333
            ],
            [
              -70.9137784,
              41.6533288
            ],
            [
              -70.9137844,
              41.6533287
            ],
            [
              -70.9137842,
              41.6533242
            ],
            [
              -70.9138919,
              41.6533224
            ],
            [
              -70.9138916,
              41.6533135
            ],
            [
              -70.9139813,
              41.653312
            ],
            [
              -70.9139814,
              41.6533165
            ],
            [
              -70.9139874,
              41.6533164
            ],
            [
              -70.9139875,
              41.6533209
            ],
            [
              -70.9140114,
              41.6533205
            ],
            [
              -70.9140116,
              41.6533249
            ],
            [
              -70.9140654,
              41.653324
            ],
            [
              -70.9140652,
              41.6533196
            ],
            [
              -70.9141848,
              41.6533176
            ],
            [
              -70.9141851,
              41.6533265
            ],
            [
              -70.9141911,
              41.6533264
            ],
            [
              -70.9141919,
              41.6533533
            ],
            [
              -70.9143114,
              41.6533513
            ],
            [
              -70.9143109,
              41.6533334
            ],
            [
              -70.9143827,
              41.6533322
            ],
            [
              -70.9143828,
              41.6533367
            ],
            [
              -70.9143948,
              41.6533365
            ],
            [
              -70.9143964,
              41.6533903
            ],
            [
              -70.9144681,
              41.6533891
            ],
            [
              -70.9144678,
              41.6533801
            ],
            [
              -70.9144738,
              41.65338
            ],
            [
              -70.9144733,
              41.6533621
            ],
            [
              -70.9145271,
              41.6533612
            ],
            [
              -70.9145279,
              41.6533881
            ],
            [
              -70.9145339,
              41.653388
            ],
            [
              -70.9145353,
              41.6534373
            ],
            [
              -70.9145234,
              41.6534375
            ],
            [
              -70.9145235,
              41.653442
            ],
            [
              -70.9145175,
              41.6534421
            ],
            [
              -70.9145177,
              41.6534466
            ],
            [
              -70.9145057,
              41.6534468
            ],
            [
              -70.914506,
              41.6534558
            ],
            [
              -70.9145,
              41.6534559
            ],
            [
              -70.9145001,
              41.6534603
            ],
            [
              -70.9144941,
              41.6534604
            ],
            [
              -70.9144943,
              41.6534649
            ],
            [
              -70.9144823,
              41.6534651
            ],
            [
              -70.9144868,
              41.6536176
            ],
            [
              -70.9145227,
              41.653617
            ],
            [
              -70.9145244,
              41.6536753
            ],
            [
              -70.9145185,
              41.6536754
            ],
            [
              -70.914519,
              41.6536933
            ],
            [
              -70.914513,
              41.6536934
            ],
            [
              -70.9145131,
              41.6536979
            ],
            [
              -70.9145072,
              41.653698
            ],
            [
              -70.9145074,
              41.6537069
            ],
            [
              -70.9144955,
              41.6537071
            ],
            [
              -70.9144959,
              41.6537206
            ],
            [
              -70.9144839,
              41.6537208
            ],
            [
              -70.9144843,
              41.6537342
            ],
            [
              -70.9144783,
              41.6537343
            ],
            [
              -70.9144785,
              41.6537388
            ],
            [
              -70.9144605,
              41.6537391
            ],
            [
              -70.9144608,
              41.6537481
            ],
            [
              -70.9144548,
              41.6537482
            ],
            [
              -70.9144552,
              41.6537616
            ],
            [
              -70.9144492,
              41.6537617
            ],
            [
              -70.9144496,
              41.6537752
            ],
            [
              -70.9144436,
              41.6537753
            ],
            [
              -70.9144439,
              41.6537843
            ],
            [
              -70.9144379,
              41.6537844
            ],
            [
              -70.9144383,
              41.6537978
            ],
            [
              -70.9144324,
              41.6537979
            ],
            [
              -70.9144339,
              41.6538517
            ],
            [
              -70.9144878,
              41.6538508
            ],
            [
              -70.914489,
              41.6538912
            ],
            [
              -70.914483,
              41.6538913
            ],
            [
              -70.9144831,
              41.6538957
            ],
            [
              -70.9144711,
              41.6538959
            ],
            [
              -70.9144713,
              41.6539004
            ],
            [
              -70.9144533,
              41.6539007
            ],
            [
              -70.9144535,
              41.6539052
            ],
            [
              -70.9144355,
              41.6539055
            ],
            [
              -70.9144357,
              41.65391
            ],
            [
              -70.9144118,
              41.6539104
            ],
            [
              -70.9144122,
              41.6539238
            ],
            [
              -70.9143703,
              41.6539245
            ],
            [
              -70.9143706,
              41.6539335
            ],
            [
              -70.9143526,
              41.6539338
            ],
            [
              -70.914353,
              41.6539473
            ],
            [
              -70.9142992,
              41.6539481
            ],
            [
              -70.9142984,
              41.6539212
            ],
            [
              -70.9142207,
              41.6539225
            ],
            [
              -70.9142215,
              41.6539494
            ],
            [
              -70.9142275,
              41.6539493
            ],
            [
              -70.9142281,
              41.6539718
            ],
            [
              -70.914258,
              41.6539713
            ],
            [
              -70.9142582,
              41.6539757
            ],
            [
              -70.9142761,
              41.6539754
            ],
            [
              -70.9142772,
              41.6540113
            ],
            [
              -70.9143071,
              41.6540108
            ],
            [
              -70.9143068,
              41.6540018
            ],
            [
              -70.9143486,
              41.6540012
            ],
            [
              -70.9143484,
              41.6539922
            ],
            [
              -70.9143962,
              41.6539914
            ],
            [
              -70.9143957,
              41.6539735
            ],
            [
              -70.9144196,
              41.6539731
            ],
            [
              -70.9144184,
              41.6539327
            ],
            [
              -70.9144722,
              41.6539318
            ],
            [
              -70.9144729,
              41.6539542
            ],
            [
              -70.9144848,
              41.653954
            ],
            [
              -70.9144852,
              41.6539675
            ],
            [
              -70.9144912,
              41.6539674
            ],
            [
              -70.9144915,
              41.6539763
            ],
            [
              -70.9144975,
              41.6539762
            ],
            [
              -70.9144979,
              41.6539897
            ],
            [
              -70.9145038,
              41.6539896
            ],
            [
              -70.914504,
              41.6539941
            ],
            [
              -70.9145518,
              41.6539933
            ],
            [
              -70.9145515,
              41.6539843
            ],
            [
              -70.9145575,
              41.6539842
            ],
            [
              -70.9145572,
              41.6539752
            ],
            [
              -70.9145632,
              41.6539751
            ],
            [
              -70.9145631,
              41.6539707
            ],
            [
              -70.9146049,
              41.65397
            ],
            [
              -70.914603,
              41.6539027
            ],
            [
              -70.9146448,
              41.653902
            ],
            [
              -70.9146441,
              41.6538796
            ],
            [
              -70.9147039,
              41.6538786
            ],
            [
              -70.9147041,
              41.6538831
            ],
            [
              -70.914716,
              41.6538829
            ],
            [
              -70.9147162,
              41.6538874
            ],
            [
              -70.9147341,
              41.6538871
            ],
            [
              -70.9147346,
              41.653905
            ],
            [
              -70.9147884,
              41.6539041
            ],
            [
              -70.9147886,
              41.6539086
            ],
            [
              -70.9148005,
              41.6539084
            ],
            [
              -70.9148007,
              41.6539129
            ],
            [
              -70.9148126,
              41.6539127
            ],
            [
              -70.9148128,
              41.6539172
            ],
            [
              -70.9148247,
              41.653917
            ],
            [
              -70.9148248,
              41.6539214
            ],
            [
              -70.9148368,
              41.6539212
            ],
            [
              -70.9148369,
              41.6539257
            ],
            [
              -70.9148429,
              41.6539256
            ],
            [
              -70.914843,
              41.6539301
            ],
            [
              -70.914855,
              41.6539299
            ],
            [
              -70.9148551,
              41.6539344
            ],
            [
              -70.9148611,
              41.6539343
            ],
            [
              -70.9148613,
              41.6539388
            ],
            [
              -70.9148672,
              41.6539387
            ],
            [
              -70.9148674,
              41.6539432
            ],
            [
              -70.9148733,
              41.6539431
            ],
            [
              -70.9148735,
              41.6539475
            ],
            [
              -70.9149632,
              41.6539461
            ],
            [
              -70.9149633,
              41.6539505
            ],
            [
              -70.9149693,
              41.6539504
            ],
            [
              -70.9149694,
              41.6539549
            ],
            [
              -70.9149933,
              41.6539545
            ],
            [
              -70.9149945,
              41.6539949
            ],
            [
              -70.9149766,
              41.6539952
            ],
            [
              -70.9149767,
              41.6539997
            ],
            [
              -70.9149707,
              41.6539998
            ],
            [
              -70.9149709,
              41.6540042
            ],
            [
              -70.914941,
              41.6540047
            ],
            [
              -70.9149411,
              41.6540092
            ],
            [
              -70.9149351,
              41.6540093
            ],
            [
              -70.9149353,
              41.6540138
            ],
            [
              -70.9149293,
              41.6540139
            ],
            [
              -70.9149294,
              41.6540184
            ],
            [
              -70.9148935,
              41.654019
            ],
            [
              -70.9148951,
              41.6540728
            ],
            [
              -70.9148892,
              41.6540729
            ],
            [
              -70.9148893,
              41.6540774
            ],
            [
              -70.9148773,
              41.6540776
            ],
            [
              -70.9148775,
              41.6540821
            ],
            [
              -70.9148715,
              41.6540822
            ],
            [
              -70.9148716,
              41.6540866
            ],
            [
              -70.9148656,
              41.6540867
            ],
            [
              -70.9148658,
              41.6540912
            ],
            [
              -70.9148598,
              41.6540913
            ],
            [
              -70.9148599,
              41.6540958
            ],
            [
              -70.9148539,
              41.6540959
            ],
            [
              -70.9148541,
              41.6541004
            ],
            [
              -70.9148481,
              41.6541005
            ],
            [
              -70.9148482,
              41.654105
            ],
            [
              -70.9147705,
              41.6541063
            ],
            [
              -70.9147712,
              41.6541287
            ],
            [
              -70.914831,
              41.6541277
            ],
            [
              -70.9148311,
              41.6541322
            ],
            [
              -70.914843,
              41.654132
            ],
            [
              -70.9148432,
              41.6541365
            ],
            [
              -70.9148492,
              41.6541364
            ],
            [
              -70.9148493,
              41.6541408
            ],
            [
              -70.9148553,
              41.6541407
            ],
            [
              -70.9148554,
              41.6541452
            ],
            [
              -70.9149272,
              41.654144
            ],
            [
              -70.9149273,
              41.6541485
            ],
            [
              -70.9149392,
              41.6541483
            ],
            [
              -70.9149394,
              41.6541528
            ],
            [
              -70.9149454,
              41.6541527
            ],
            [
              -70.9149463,
              41.6541841
            ],
            [
              -70.9149762,
              41.6541836
            ]
          ],
          [
            [
              -70.9148025,
              41.6537738
            ],
            [
              -70.9147487,
              41.6537747
            ],
            [
              -70.9147486,
              41.6537702
            ],
            [
              -70.9147007,
              41.653771
            ],
            [
              -70.9146996,
              41.6537306
            ],
            [
              -70.9147115,
              41.6537304
            ],
            [
              -70.9147106,
              41.6536991
            ],
            [
              -70.9147644,
              41.6536982
            ],
            [
              -70.9147648,
              41.6537116
            ],
            [
              -70.9147708,
              41.6537115
            ],
            [
              -70.9147709,
              41.653716
            ],
            [
              -70.9147769,
              41.6537159
            ],
            [
              -70.9147771,
              41.6537249
            ],
            [
              -70.914807,
              41.6537244
            ],
            [
              -70.9148084,
              41.6537692
            ],
            [
              -70.9148024,
              41.6537693
            ],
            [
              -70.9148025,
              41.6537738
            ]
          ],
          [
            [
              -70.9168969,
              41.6529898
            ],
            [
              -70.9168431,
              41.6529907
            ],
            [
              -70.9168415,
              41.6529368
            ],
            [
              -70.9168953,
              41.652936
            ],
            [
              -70.9168969,
              41.6529898
            ]
          ],
          [
            [
              -70.917027,
              41.6529382
            ],
            [
              -70.9169732,
              41.6529391
            ],
            [
              -70.9169729,
              41.6529302
            ],
            [
              -70.916949,
              41.6529306
            ],
            [
              -70.9169475,
              41.6528813
            ],
            [
              -70.9169296,
              41.6528816
            ],
            [
              -70.9169284,
              41.6528412
            ],
            [
              -70.9169822,
              41.6528403
            ],
            [
              -70.9169837,
              41.6528896
            ],
            [
              -70.9170136,
              41.6528891
            ],
            [
              -70.9170138,
              41.6528981
            ],
            [
              -70.9170258,
              41.6528979
            ],
            [
              -70.917027,
              41.6529382
            ]
          ],
          [
            [
              -70.9167929,
              41.6529107
            ],
            [
              -70.9167391,
              41.6529116
            ],
            [
              -70.9167387,
              41.6528982
            ],
            [
              -70.9167327,
              41.6528983
            ],
            [
              -70.9167315,
              41.6528579
            ],
            [
              -70.9167434,
              41.6528577
            ],
            [
              -70.9167424,
              41.6528219
            ],
            [
              -70.9167543,
              41.6528217
            ],
            [
              -70.9167539,
              41.6528082
            ],
            [
              -70.9168197,
              41.6528071
            ],
            [
              -70.9168218,
              41.6528789
            ],
            [
              -70.9167919,
              41.6528794
            ],
            [
              -70.9167929,
              41.6529107
            ]
          ],
          [
            [
              -70.9138802,
              41.6529279
            ],
            [
              -70.9138144,
              41.652929
            ],
            [
              -70.9138131,
              41.6528842
            ],
            [
              -70.9138071,
              41.6528843
            ],
            [
              -70.9138058,
              41.6528394
            ],
            [
              -70.9138117,
              41.6528393
            ],
            [
              -70.9138115,
              41.6528304
            ],
            [
              -70.9138414,
              41.6528299
            ],
            [
              -70.9138412,
              41.6528254
            ],
            [
              -70.913901,
              41.6528244
            ],
            [
              -70.9139025,
              41.6528737
            ],
            [
              -70.9138846,
              41.652874
            ],
            [
              -70.9138848,
              41.652883
            ],
            [
              -70.9138788,
              41.6528831
            ],
            [
              -70.9138802,
              41.6529279
            ]
          ],
          [
            [
              -70.9148865,
              41.6527721
            ],
            [
              -70.9148267,
              41.6527731
            ],
            [
              -70.9148257,
              41.6527372
            ],
            [
              -70.9148197,
              41.6527373
            ],
            [
              -70.9148185,
              41.652697
            ],
            [
              -70.9148962,
              41.6526957
            ],
            [
              -70.9148982,
              41.6527629
            ],
            [
              -70.9148862,
              41.6527631
            ],
            [
              -70.9148865,
              41.6527721
            ]
          ],
          [
            [
              -70.9147308,
              41.6527657
            ],
            [
              -70.914677,
              41.6527666
            ],
            [
              -70.9146758,
              41.6527262
            ],
            [
              -70.9147296,
              41.6527253
            ],
            [
              -70.9147308,
              41.6527657
            ]
          ],
          [
            [
              -70.916892,
              41.652622
            ],
            [
              -70.9168322,
              41.652623
            ],
            [
              -70.9168321,
              41.6526185
            ],
            [
              -70.9168201,
              41.6526187
            ],
            [
              -70.9168182,
              41.652556
            ],
            [
              -70.916878,
              41.652555
            ],
            [
              -70.9168783,
              41.6525639
            ],
            [
              -70.9168843,
              41.6525638
            ],
            [
              -70.9168847,
              41.6525773
            ],
            [
              -70.9168907,
              41.6525772
            ],
            [
              -70.916892,
              41.652622
            ]
          ],
          [
            [
              -70.9157973,
              41.6524205
            ],
            [
              -70.9157435,
              41.6524214
            ],
            [
              -70.9157434,
              41.6524169
            ],
            [
              -70.9157254,
              41.6524172
            ],
            [
              -70.9157253,
              41.6524127
            ],
            [
              -70.9156775,
              41.6524135
            ],
            [
              -70.9156772,
              41.6524045
            ],
            [
              -70.9156533,
              41.6524049
            ],
            [
              -70.9156521,
              41.6523646
            ],
            [
              -70.9156581,
              41.6523645
            ],
            [
              -70.9156579,
              41.65236
            ],
            [
              -70.9157237,
              41.6523589
            ],
            [
              -70.9157238,
              41.6523634
            ],
            [
              -70.9157537,
              41.6523629
            ],
            [
              -70.9157539,
              41.6523674
            ],
            [
              -70.9157598,
              41.6523673
            ],
            [
              -70.91576,
              41.6523717
            ],
            [
              -70.9157839,
              41.6523713
            ],
            [
              -70.915784,
              41.6523758
            ],
            [
              -70.91579,
              41.6523757
            ],
            [
              -70.9157901,
              41.6523802
            ],
            [
              -70.9157961,
              41.6523801
            ],
            [
              -70.9157973,
              41.6524205
            ]
          ],
          [
            [
              -70.9171717,
              41.6523706
            ],
            [
              -70.9170999,
              41.6523718
            ],
            [
              -70.9170996,
              41.6523629
            ],
            [
              -70.9170339,
              41.652364
            ],
            [
              -70.917034,
              41.6523684
            ],
            [
              -70.9169682,
              41.6523695
            ],
            [
              -70.9169665,
              41.6523112
            ],
            [
              -70.9169725,
              41.6523111
            ],
            [
              -70.9169724,
              41.6523067
            ],
            [
              -70.917068,
              41.6523051
            ],
            [
              -70.9170671,
              41.6522737
            ],
            [
              -70.9170731,
              41.6522736
            ],
            [
              -70.9170713,
              41.6522153
            ],
            [
              -70.9170833,
              41.6522151
            ],
            [
              -70.9170832,
              41.6522106
            ],
            [
              -70.9171011,
              41.6522103
            ],
            [
              -70.917101,
              41.6522058
            ],
            [
              -70.917107,
              41.6522057
            ],
            [
              -70.9171068,
              41.6522013
            ],
            [
              -70.9171786,
              41.6522001
            ],
            [
              -70.917179,
              41.6522135
            ],
            [
              -70.9172148,
              41.6522129
            ],
            [
              -70.917215,
              41.6522174
            ],
            [
              -70.917221,
              41.6522173
            ],
            [
              -70.9172211,
              41.6522218
            ],
            [
              -70.917239,
              41.6522215
            ],
            [
              -70.9172394,
              41.6522349
            ],
            [
              -70.9172514,
              41.6522347
            ],
            [
              -70.917252,
              41.6522571
            ],
            [
              -70.9172939,
              41.6522564
            ],
            [
              -70.9172954,
              41.6523058
            ],
            [
              -70.9172894,
              41.6523059
            ],
            [
              -70.9172896,
              41.6523148
            ],
            [
              -70.9172837,
              41.6523149
            ],
            [
              -70.9172841,
              41.6523284
            ],
            [
              -70.9172781,
              41.6523285
            ],
            [
              -70.9172782,
              41.652333
            ],
            [
              -70.9172722,
              41.6523331
            ],
            [
              -70.9172724,
              41.6523375
            ],
            [
              -70.9172126,
              41.6523385
            ],
            [
              -70.9172117,
              41.6523072
            ],
            [
              -70.9171818,
              41.6523077
            ],
            [
              -70.9171834,
              41.6523615
            ],
            [
              -70.9171774,
              41.6523616
            ],
            [
              -70.9171775,
              41.652366
            ],
            [
              -70.9171715,
              41.6523661
            ],
            [
              -70.9171717,
              41.6523706
            ]
          ],
          [
            [
              -70.9146007,
              41.6524135
            ],
            [
              -70.9145409,
              41.6524145
            ],
            [
              -70.9145395,
              41.6523652
            ],
            [
              -70.9145933,
              41.6523643
            ],
            [
              -70.9145934,
              41.6523688
            ],
            [
              -70.9145994,
              41.6523687
            ],
            [
              -70.9146007,
              41.6524135
            ]
          ],
          [
            [
              -70.9174537,
              41.6521999
            ],
            [
              -70.9173999,
              41.6522008
            ],
            [
              -70.9173998,
              41.6521964
            ],
            [
              -70.9173759,
              41.6521968
            ],
            [
              -70.9173733,
              41.6521116
            ],
            [
              -70.9174391,
              41.6521105
            ],
            [
              -70.9174404,
              41.6521553
            ],
            [
              -70.9174584,
              41.652155
            ],
            [
              -70.9174596,
              41.6521954
            ],
            [
              -70.9174536,
              41.6521955
            ],
            [
              -70.9174537,
              41.6521999
            ]
          ],
          [
            [
              -70.9138765,
              41.6521968
            ],
            [
              -70.9138047,
              41.652198
            ],
            [
              -70.9138031,
              41.6521442
            ],
            [
              -70.9138151,
              41.652144
            ],
            [
              -70.913815,
              41.6521395
            ],
            [
              -70.9138329,
              41.6521392
            ],
            [
              -70.9138328,
              41.6521347
            ],
            [
              -70.9138387,
              41.6521346
            ],
            [
              -70.9138386,
              41.6521301
            ],
            [
              -70.9138506,
              41.6521299
            ],
            [
              -70.9138504,
              41.6521255
            ],
            [
              -70.9139401,
              41.652124
            ],
            [
              -70.9139413,
              41.6521643
            ],
            [
              -70.9139293,
              41.6521645
            ],
            [
              -70.9139295,
              41.652169
            ],
            [
              -70.9139115,
              41.6521693
            ],
            [
              -70.9139117,
              41.6521738
            ],
            [
              -70.9139057,
              41.6521739
            ],
            [
              -70.9139061,
              41.6521873
            ],
            [
              -70.9138941,
              41.6521875
            ],
            [
              -70.9138943,
              41.652192
            ],
            [
              -70.9138763,
              41.6521923
            ],
            [
              -70.9138765,
              41.6521968
            ]
          ],
          [
            [
              -70.9175074,
              41.6519927
            ],
            [
              -70.9174536,
              41.6519936
            ],
            [
              -70.9174524,
              41.6519533
            ],
            [
              -70.9174584,
              41.6519532
            ],
            [
              -70.9174576,
              41.6519263
            ],
            [
              -70.9173739,
              41.6519277
            ],
            [
              -70.9173727,
              41.6518873
            ],
            [
              -70.9173667,
              41.6518874
            ],
            [
              -70.9173652,
              41.6518381
            ],
            [
              -70.917419,
              41.6518372
            ],
            [
              -70.9174192,
              41.6518417
            ],
            [
              -70.9174252,
              41.6518416
            ],
            [
              -70.9174256,
              41.651855
            ],
            [
              -70.9174315,
              41.6518549
            ],
            [
              -70.9174317,
              41.6518594
            ],
            [
              -70.9174376,
              41.6518593
            ],
            [
              -70.9174379,
              41.6518683
            ],
            [
              -70.9174439,
              41.6518682
            ],
            [
              -70.9174442,
              41.6518771
            ],
            [
              -70.9174501,
              41.651877
            ],
            [
              -70.9174503,
              41.6518815
            ],
            [
              -70.9174562,
              41.6518814
            ],
            [
              -70.9174573,
              41.6519173
            ],
            [
              -70.9175111,
              41.6519164
            ],
            [
              -70.9175113,
              41.6519209
            ],
            [
              -70.9175232,
              41.6519207
            ],
            [
              -70.9175244,
              41.651961
            ],
            [
              -70.9175184,
              41.6519611
            ],
            [
              -70.9175188,
              41.6519746
            ],
            [
              -70.9175128,
              41.6519747
            ],
            [
              -70.917513,
              41.6519792
            ],
            [
              -70.917507,
              41.6519793
            ],
            [
              -70.9175074,
              41.6519927
            ]
          ],
          [
            [
              -70.9169952,
              41.6518667
            ],
            [
              -70.9169414,
              41.6518676
            ],
            [
              -70.9169399,
              41.6518183
            ],
            [
              -70.9169937,
              41.6518174
            ],
            [
              -70.9169952,
              41.6518667
            ]
          ],
          [
            [
              -70.9179631,
              41.6516262
            ],
            [
              -70.9179093,
              41.6516271
            ],
            [
              -70.917908,
              41.6515823
            ],
            [
              -70.9179618,
              41.6515814
            ],
            [
              -70.9179631,
              41.6516262
            ]
          ],
          [
            [
              -70.9178033,
              41.6514809
            ],
            [
              -70.9177435,
              41.6514819
            ],
            [
              -70.9177431,
              41.6514684
            ],
            [
              -70.9177251,
              41.6514687
            ],
            [
              -70.917725,
              41.6514642
            ],
            [
              -70.9176891,
              41.6514648
            ],
            [
              -70.9176879,
              41.6514245
            ],
            [
              -70.9176999,
              41.6514243
            ],
            [
              -70.9176991,
              41.6513974
            ],
            [
              -70.9177051,
              41.6513973
            ],
            [
              -70.9177049,
              41.6513928
            ],
            [
              -70.9177109,
              41.6513927
            ],
            [
              -70.9177103,
              41.6513703
            ],
            [
              -70.9177641,
              41.6513694
            ],
            [
              -70.9177645,
              41.6513828
            ],
            [
              -70.9177705,
              41.6513827
            ],
            [
              -70.9177706,
              41.6513872
            ],
            [
              -70.9177885,
              41.6513869
            ],
            [
              -70.9177896,
              41.6514228
            ],
            [
              -70.9178015,
              41.6514226
            ],
            [
              -70.9178033,
              41.6514809
            ]
          ],
          [
            [
              -70.9179461,
              41.6512542
            ],
            [
              -70.9178863,
              41.6512552
            ],
            [
              -70.9178851,
              41.6512149
            ],
            [
              -70.9179449,
              41.6512139
            ],
            [
              -70.9179461,
              41.6512542
            ]
          ],
          [
            [
              -70.9171295,
              41.6511512
            ],
            [
              -70.9170697,
              41.6511522
            ],
            [
              -70.9170683,
              41.6511029
            ],
            [
              -70.917128,
              41.6511019
            ],
            [
              -70.9171295,
              41.6511512
            ]
          ],
          [
            [
              -70.9176187,
              41.6511072
            ],
            [
              -70.9175589,
              41.6511082
            ],
            [
              -70.9175567,
              41.6510319
            ],
            [
              -70.9176224,
              41.6510308
            ],
            [
              -70.9176236,
              41.6510712
            ],
            [
              -70.9176176,
              41.6510713
            ],
            [
              -70.9176187,
              41.6511072
            ]
          ],
          [
            [
              -70.9174303,
              41.6510071
            ],
            [
              -70.9173765,
              41.651008
            ],
            [
              -70.9173764,
              41.6510036
            ],
            [
              -70.9173644,
              41.6510038
            ],
            [
              -70.9173624,
              41.6509365
            ],
            [
              -70.9173744,
              41.6509363
            ],
            [
              -70.9173726,
              41.650878
            ],
            [
              -70.9174265,
              41.6508771
            ],
            [
              -70.9174282,
              41.6509354
            ],
            [
              -70.9174401,
              41.6509352
            ],
            [
              -70.9174403,
              41.6509397
            ],
            [
              -70.9174821,
              41.650939
            ],
            [
              -70.9174825,
              41.6509524
            ],
            [
              -70.9175423,
              41.6509514
            ],
            [
              -70.9175435,
              41.6509918
            ],
            [
              -70.9174658,
              41.6509931
            ],
            [
              -70.9174659,
              41.6509976
            ],
            [
              -70.917454,
              41.6509978
            ],
            [
              -70.9174541,
              41.6510023
            ],
            [
              -70.9174302,
              41.6510027
            ],
            [
              -70.9174303,
              41.6510071
            ]
          ],
          [
            [
              -70.9143965,
              41.6509725
            ],
            [
              -70.9143427,
              41.6509734
            ],
            [
              -70.9143423,
              41.6509599
            ],
            [
              -70.9143363,
              41.65096
            ],
            [
              -70.9143353,
              41.6509242
            ],
            [
              -70.9143173,
              41.6509245
            ],
            [
              -70.9143159,
              41.6508752
            ],
            [
              -70.9143996,
              41.6508738
            ],
            [
              -70.914399,
              41.6508558
            ],
            [
              -70.914405,
              41.6508557
            ],
            [
              -70.9144049,
              41.6508512
            ],
            [
              -70.9144707,
              41.6508501
            ],
            [
              -70.9144712,
              41.6508681
            ],
            [
              -70.9144831,
              41.6508679
            ],
            [
              -70.9144846,
              41.6509172
            ],
            [
              -70.9144428,
              41.6509179
            ],
            [
              -70.9144438,
              41.6509538
            ],
            [
              -70.9144259,
              41.6509541
            ],
            [
              -70.914426,
              41.6509585
            ],
            [
              -70.91442,
              41.6509586
            ],
            [
              -70.9144202,
              41.6509631
            ],
            [
              -70.9143963,
              41.6509635
            ],
            [
              -70.9143965,
              41.6509725
            ]
          ],
          [
            [
              -70.9146055,
              41.65096
            ],
            [
              -70.9145457,
              41.650961
            ],
            [
              -70.9145441,
              41.6509072
            ],
            [
              -70.9145621,
              41.6509069
            ],
            [
              -70.9145619,
              41.6509025
            ],
            [
              -70.9146217,
              41.6509015
            ],
            [
              -70.914622,
              41.6509104
            ],
            [
              -70.9146339,
              41.6509102
            ],
            [
              -70.9146353,
              41.6509551
            ],
            [
              -70.9146054,
              41.6509556
            ],
            [
              -70.9146055,
              41.65096
            ]
          ],
          [
            [
              -70.9163163,
              41.6507566
            ],
            [
              -70.9162624,
              41.6507575
            ],
            [
              -70.9162611,
              41.6507126
            ],
            [
              -70.9162671,
              41.6507125
            ],
            [
              -70.9162663,
              41.6506856
            ],
            [
              -70.9163261,
              41.6506846
            ],
            [
              -70.9163262,
              41.6506891
            ],
            [
              -70.9163382,
              41.6506889
            ],
            [
              -70.9163394,
              41.6507293
            ],
            [
              -70.9163334,
              41.6507294
            ],
            [
              -70.9163335,
              41.6507339
            ],
            [
              -70.9163275,
              41.650734
            ],
            [
              -70.9163278,
              41.6507429
            ],
            [
              -70.9163218,
              41.650743
            ],
            [
              -70.916322,
              41.6507475
            ],
            [
              -70.916316,
              41.6507476
            ],
            [
              -70.9163163,
              41.6507566
            ]
          ]
        ]
      }
    }
  ]
}